regime,seed,total_wd,evaporated_U,diff_k1,diff_k2,diff_k3,diff_k4,diff_k5,diff_k6,diff_k7,diff_k8
OFF,100,4332,0.0,0.012821114920396379,0.06434840871021777,0.028262899195430697,-0.011285239758112596,0.024329983249581244,-0.0022448307109317073,0.020100502512562814,0.006373780668046113
OFF,101,4313,0.0,0.03729670162638699,0.0480806750560921,-0.00390625,-0.01008750607681089,0.01715686274509804,0.004191531685137824,0.007352941176470588,0.0011140819964349374
OFF,102,4309,0.0,0.06979663036078965,-0.0105991368367606,0.0002340823970037459,0.031661469161469155,0.007736013986013986,-0.0034280936454849486,0.006814264167205344,0.004807692307692308
OFF,103,4524,0.0,0.05257895604848685,0.0009843144725979538,0.01905709023941068,-0.004007778593413953,-0.009135205647636587,-0.010500779147187986,0.019337016574585635,0.0025411509415107017
OFF,104,4474,0.0,0.03794227188081937,0.054076592988422,-0.016409546751405192,-0.013464496801878391,0.018673701634595488,0.00775076752730384,0.004281527612418719,-0.004807692307692308
OFF,105,4371,0.0,0.06842088687326783,0.045377241805813234,0.07142857142857142,0.00886159773643971,0.01311350986675662,0.012343647136273863,0.003520829819531118,-0.016581632653061222
OFF,106,4351,0.0,0.0518425108589043,0.008246777624827936,0.045415907710989675,-0.008859082629574428,0.020612021857923497,0.011697404371584699,0.0027988804478208708,0.0074648711943793924
OFF,107,4521,0.0,0.04457215836526183,0.05555555555555555,0.006073199183435407,0.0031250000000000028,0.015873015873015872,-0.00358187134502924,-0.005995599559955995,-0.015463917525773196
OFF,108,4466,0.0,0.008360957642725597,0.03497518494241034,0.009029056680990383,0.029328238756647904,-0.0031981715338068907,-0.0028084714548802948,0.0027624309392265192,0.011049723756906077
OFF,109,4439,0.0,0.0353544776119403,0.035061728395061734,0.029195402298850575,0.023952991452991453,-0.000572916666666666,0.012126436781609195,0.0012343358395989976,0.007635933806146572
OFF,110,4441,0.0,0.031133273569400863,0.07219679633867276,0.028903162055335968,0.01946169772256729,0.01887782744141948,0.011799843321582452,0.00872859025032938,-0.003911011783827712
OFF,111,4382,0.0,0.08331340666347839,0.0393403123961449,0.01143790849673202,-0.009759358288770049,0.0012928248222365893,0.010201377848436673,0.0035118525021949083,0.014705882352941176
OFF,112,4370,0.0,0.023998333146745272,-0.008762911653906906,0.0095955766192733,-0.007550900915829828,0.00466410892951177,0.007462376319946786,-0.016431924882629106,-0.008
OFF,113,4452,0.0,0.05358291965434823,0.028989816785609947,0.023855488141202426,0.03120248099239696,0.01301171356116411,0.006802721088435373,0.009630102040816328,-0.004604051565377532
OFF,114,4475,0.0,0.04083248730964468,0.018873071924274745,0.04479506023183574,0.006503807106598985,0.020649485877912273,0.014143309056131833,-0.001446427596746902,0.006128675539922993
OFF,115,4400,0.0,0.10158683800623053,0.016084558823529424,0.012936144986449863,-0.005843495934959352,0.006748023114355229,0.009083825459317586,0.007625,0.005208333333333333
OFF,116,4443,0.0,0.07303465055793272,0.048791629826112584,-0.006959410919540228,0.024397832930668426,0.002391421738795032,0.009344921035417248,0.005747126436781609,0.00494421906693712
OFF,117,4492,0.0,0.0429774925045395,0.04371186288585787,0.03790993535168957,-0.014869429112777,0.010689411972141408,0.005993736799941737,0.01138885309739581,0.0010251256281407035
OFF,118,4317,0.0,0.04404829277494812,0.031584215794742104,0.013609273639472085,-0.006433554041209544,0.006145306769749231,0.01687007373506229,-0.01565742312771175,0.005847953216374269
OFF,119,4257,0.0,0.055164709797024286,0.04573687629731742,0.025173526248900183,0.030713874496257912,-0.007705250787885262,0.0016670421266050915,-0.005522016764114021,0.0
OFF,120,4314,0.0,0.022567176413330253,0.058063652080746084,-0.001187914649453111,0.04149482995636841,0.0011960216542867934,-0.003355704697986577,0.03254437869822485,0.005917159763313609
OFF,121,4351,0.0,-0.007831839521980369,0.04499217527386541,0.06117157490396927,0.017029449423815624,0.004362431901349616,0.0010514475743348978,0.009811002768749248,0.000694019187589304
OFF,122,4330,0.0,0.028414630932616543,0.05888278388278389,-0.007142857142857145,0.011396011396011398,-0.0002586472052120911,0.002720318896789484,-0.003036437246963562,-0.003676470588235294
OFF,123,4391,0.0,0.06675238401371478,0.051104924906347736,0.012055197762164967,0.009778544722461893,0.000205907974974261,0.006960707780379912,-0.00200736032117765,0.00546448087431694
OFF,124,4406,0.0,0.04885581456474956,0.06594917349993491,0.03962908981253456,0.011039377063722836,0.006895093062605754,0.0045617597292724205,-0.0029918474080910615,0.005076142131979695
OFF,125,4575,0.0,0.05299119344063165,-0.0006624271330153697,-0.0032005689900426668,-0.008083976833976832,0.0049797503925944325,0.003982930298719774,0.0021696007934540046,-0.014150943396226415
OFF,126,4490,0.0,0.06898305084745762,0.03886363636363635,0.027551622418879054,-0.0027702702702702697,0.01172566371681416,0.005726495726495726,0.0019354838709677424,0.005
OFF,127,4484,0.0,0.04910656270305395,0.010510071474983756,0.01666666666666667,0.009681611435997398,0.005502392344497609,-0.0032351521004345737,-0.004132231404958678,-0.015
OFF,128,4328,0.0,0.04114187002536517,0.026040992448759438,-0.004736924522392744,-0.020915737744216706,-0.004706230912986005,-0.004494129875038387,-0.002885464050512593,0.00834420132347969
OFF,129,4418,0.0,0.008622084896637967,0.08135927805978567,0.031089393867514272,0.0036118703631393967,0.01514992935266105,-0.0033984341392067456,0.0038407978078253448,0.0005306875865251498
OFF,130,4439,0.0,0.043094160741219564,0.02125602101882937,0.014866602378656377,0.04991267762165595,-0.000802030213794918,-0.014753720087346073,0.009337372497890944,0.006787330316742082
OFF,131,4428,0.0,0.02319376026272578,-0.010108233133817111,0.02816548075168765,0.03931132029459103,0.017580331721426312,-0.0034072249589490967,0.0007613076578593825,0.008041766662456318
OFF,132,4307,0.0,0.03860839427849737,0.045029835637603564,0.005552136226086066,-0.0021771146827175535,-0.011397872240267382,0.001834702079329023,-0.0037752286917380577,-0.0031909671084928808
OFF,133,4405,0.0,0.014046095800524933,-0.010184204331450099,0.03349424119241192,0.02734375,-0.0036458333333333325,0.03132891414141414,0.013020833333333334,0.010739087301587302
OFF,134,4254,0.0,0.08952921270030854,0.03498081339134639,0.02005845254576219,0.018260011280315847,0.018976232269082974,-0.007062146892655366,0.0006901772196989935,-7.849704327803683e-05
OFF,135,4305,0.0,0.04007059067787812,0.07067718606180144,-0.014140739326843538,0.017154334726670648,-0.0005303114882215035,0.014409379793995179,-0.007240734973528495,0.0
OFF,136,4455,0.0,0.0467650531286895,0.0333075933075933,0.022892416225749564,0.014960317460317459,0.0010582010582010585,-0.0017932217932217923,0.0014407814407814403,0.005714285714285714
OFF,137,4609,0.0,0.08075341891098246,0.024025581194365223,0.0364569623585154,0.0052558615305930215,-0.005053308355882422,0.0071742652163850965,-0.0014259787399533309,-0.002166090207176047
OFF,138,4441,0.0,0.02142338416848221,0.0066964285714285685,0.01481038151694786,0.015941500567169017,-0.0029034690799396683,0.005060088551549656,0.00377486761127809,-0.008753501400560224
OFF,139,4397,0.0,0.049530516431924895,0.046284007962840074,0.027380952380952384,0.013462873004857736,0.007209680699613582,0.014795918367346941,0.00179163901791639,-0.0019696969696969685
OFF,140,4412,0.0,0.09178961683824344,-0.0036248861121957604,0.027010664555488284,-0.0026428881601605198,0.0024203634223497385,-0.005943141614576777,0.010998307952622672,-0.005932203389830508
OFF,141,4383,0.0,0.02185859949017844,0.044736842105263165,-0.004123447304392368,0.004089360090874669,-0.005241409308394954,0.0007612005219660711,0.010526315789473684,0.0
OFF,142,4523,0.0,0.0824476650563607,0.03449074074074074,0.022111111111111113,0.024665831244778613,0.008333333333333333,-0.007156308851224106,0.008444444444444445,0.005555555555555556
OFF,143,4378,0.0,0.07281700471998981,0.056186012088318735,0.015888300433317293,-0.016728855721393036,0.010827012478590654,0.002789789370902497,-0.020061728395061727,0.0016747943451061527
OFF,144,4410,0.0,0.053205049134492824,0.022457739314631332,0.020914928901591336,0.00607104338447622,-0.010550694801852804,-0.007935673743956274,0.011194029850746268,-0.003875968992248062
OFF,145,4452,0.0,0.04110223781269048,0.0922396226847082,0.014128642428016282,0.001873737676725256,0.010928535794462459,-0.014814814814814815,-0.008921865692901354,0.004739336492890996
OFF,146,4454,0.0,0.09187758264462811,0.004464285714285719,0.034527101769911514,0.006399386304909559,-0.007630813953488372,0.004617471988795519,-0.0040650406504065045,0.0
OFF,147,4366,0.0,0.031196544888133663,0.06629523124850228,0.05810095484132411,0.00953378450961435,0.001966650978282792,-0.0025144637294169997,0.0009216925525000561,-0.008439847901777531
OFF,148,4438,0.0,0.07752387678235134,0.06319960219217502,0.03796085968897432,0.03321925249891352,0.0020968023763760276,0.032516580692704494,0.008506316257220847,0.007863525263453141
OFF,149,4481,0.0,0.06408202816010125,0.03446726043212929,-0.009542266519010703,0.022762508809020435,-0.003537405435696273,-0.01230710715061943,-0.0058527131782945725,0.001006261180679785
OFF,150,4466,0.0,0.05357502923740775,0.04878733963854294,0.012937004398581493,0.01346443611636982,0.014662733714143023,0.0030497237569060767,-0.009152296445114123,-0.000578183219838109
OFF,151,4530,0.0,0.07147452033338927,0.054176282289883124,0.02522112211221122,0.007438634488448847,0.01485148514851485,-0.012948375129483752,0.006499629554792214,-0.002976190476190476
OFF,152,4414,0.0,0.07080200501253134,0.05304984315092367,0.03726163234172387,0.0021004893185344355,0.02649638802889577,0.018240807498197547,-0.002610857853294654,0.002980052871905792
OFF,153,4467,0.0,0.04484932061829966,0.013029509757258452,0.008990900024931438,0.01443584490477275,0.0005552911312073621,0.011202301778218009,0.01982886614050168,0.002617801047120419
OFF,154,4459,0.0,0.016468253968253965,0.025993601574996916,0.021730914588057443,0.0051203277009728605,0.013310185185185185,-5.628729032984385e-05,0.0029860128870029855,0.0
OFF,155,4347,0.0,0.07332549941245595,0.013776276276276284,0.025571725571725573,0.04360807088079815,0.015111204954954957,0.010874031926663507,-0.003968253968253968,0.004043067457701604
OFF,156,4342,0.0,0.027898550724637684,0.0007435647847718052,0.0195232962031381,0.017265041721563464,-0.0003531073446327686,0.0,0.012611482720178374,0.005434782608695652
OFF,157,4387,0.0,0.0343358395989975,0.04976551226551226,-0.0081608005521049,-0.02207792207792207,-0.005555555555555555,-0.009619047619047619,-0.005952380952380952,0.0019480519480519487
OFF,158,4381,0.0,0.08243044408774747,0.022115213126449082,0.011893028451278008,0.02210651319996346,-0.014957264957264958,-0.006530298665130127,0.005274432139681512,-0.0030303030303030303
OFF,159,4445,0.0,0.10313521028849496,0.03847304210940575,0.030284292821606256,0.004523809523809531,0.01989010989010989,0.006923076923076922,-0.0009307359307359308,0.005714285714285714
OFF,160,4382,0.0,0.05326424870466321,0.032037996545768554,0.011598702685599017,-0.007335954629527554,0.001759580297894997,-0.007181165348604671,-0.02097902097902098,-0.009962508951514385
OFF,161,4296,0.0,0.023948004068141363,0.07321984668822613,0.05277696174435305,0.0014262924507895316,0.005434782608695652,0.016304347826086956,0.006737333812432626,0.010869565217391304
OFF,162,4463,0.0,0.0653912050256996,0.011829790956004546,0.027928802588996767,-0.00979390223130642,0.002660567587752051,0.006307937030332951,-0.009385113268608414,0.019417475728155338
OFF,163,4479,0.0,0.038267713158346206,0.055955235811350916,-0.006877377816798362,-0.017403141771457672,0.0029898584003061612,0.005194615159496634,-0.010041257128989203,0.006218905472636815
OFF,164,4390,0.0,0.05055824125230202,0.02372651039711063,0.052851336762557946,0.026374103520040725,0.02512358243675487,-0.009475138121546961,-0.003887383161332917,-0.005132305902878744
OFF,165,4538,0.0,-0.001509661835748799,0.02405719183419043,0.015611679454390452,0.0067891649413388535,0.009755538897218058,0.005187747035573122,0.008732587589700296,0.0
OFF,166,4534,0.0,0.03764592647789369,-0.026201485217878663,0.011247723132969036,-0.027542820406851267,0.017547578669681554,0.009236423424730402,0.0025500910746812395,0.00819672131147541
OFF,167,4409,0.0,0.08570062171209947,0.06512503552145496,0.02541478129713424,0.008225324027916252,0.03235294117647059,-0.006913455037187287,0.003828197945845005,-0.0026646556058320774
OFF,168,4301,0.0,0.05843912368096845,0.022108843537414963,0.014216427311665399,-0.018415178571428572,0.0012380952380952395,0.0072060875632304205,-0.0007369614512471642,-0.007462686567164179
OFF,169,4375,0.0,0.032897603485838776,0.036928104575163406,0.011300309597523223,-0.0027777777777777714,0.020778867102396518,-0.0033769063180827882,0.0,0.0
OFF,170,4458,0.0,0.07252326217843459,0.03884099616858238,0.010717614165890028,-0.003482293121352096,-0.014008620689655173,0.023973727422003283,0.005747126436781609,-0.0016309412861137
OFF,171,4420,0.0,0.09321785772843322,0.05626019878356327,0.0073782587309394985,-0.00019332317005810867,0.019916210119239445,0.0012157130917103548,-0.0024821625967239476,-0.0033783783783783786
OFF,172,4464,0.0,0.0161319073083779,0.021673580222233334,0.012576747870865511,0.004812834224598935,-0.005110467873554764,0.0028702962931772564,0.010948494230227975,-0.0035019639392361935
OFF,173,4382,0.0,0.06752497056701226,0.007977354606278957,0.007886101407854347,0.013457303645705895,-0.007462686567164178,0.02020941046401977,-0.0005804311774461023,0.0046253109452736325
OFF,174,4485,0.0,0.052498946481247366,0.062183612183612194,0.03902798232695139,0.017187780772686432,0.002771577380952378,0.023984272608125818,-0.008849557522123894,-0.005763546798029557
OFF,175,4419,0.0,0.07016129032258064,0.05919312169312169,0.011332528180354268,0.011904761904761904,0.003595534787123572,0.005555555555555553,0.014636752136752137,0.013888888888888888
OFF,176,4574,0.0,0.019844301356906402,0.051456079260456825,0.04968805704099822,0.034085645711398375,0.013666072489601899,-0.0037433155080213902,0.002842668167745567,0.010666436662641597
OFF,177,4374,0.0,0.09690476190476188,0.008553459119496856,0.021190476190476197,-0.0016430388949472928,-0.02147914032869785,-0.007560050568900126,-0.0033026113671274964,0.0015820543093270365
OFF,178,4615,0.0,0.046348707197763794,0.04791666666666666,0.01746031746031746,0.013285024154589372,0.026851851851851856,0.011695906432748539,0.005555555555555556,-0.00510204081632653
OFF,179,4467,0.0,0.04023364996178622,0.02961658841940533,0.010253521126760562,0.0299906103286385,0.003094323516858729,-0.005658953722334003,-0.012461059190031152,0.007674250631997111
OFF,180,4420,0.0,0.042770243318707615,0.039145123384253806,0.020049941245593422,0.020980788675429726,0.008695652173913044,0.012456521739130436,0.01367461430575035,0.013380371217899822
OFF,181,4410,0.0,0.10046957087730715,0.02593544868423614,0.009761275956708611,0.002500748087034585,0.021190592846643798,0.001534371710467627,-0.0009298433214003435,0.005822796843806445
OFF,182,4410,0.0,-0.007507844016136286,0.022414870353014676,-0.022489877853764752,0.003659157439226169,0.004022545524617014,-0.00411379857256146,0.007451815329448677,0.0002283700900430636
OFF,183,4460,0.0,-0.01783551192348718,0.05085441998028261,0.009984547723760846,0.03158774082389182,0.03590101704626844,0.0018098884773920885,0.008379888268156424,0.005359230869169807
OFF,184,4442,0.0,0.05174180327868853,0.08140785680478466,0.03823302893607658,0.03034530868503662,-0.001616575591985428,0.008010854615070074,-0.009134059271668462,-0.0010271580590821314
OFF,185,4351,0.0,0.05472208558780128,0.04103598412088616,0.012533452274754688,0.024548311076197954,0.02148468185388845,0.0005461767626613705,-0.026479750778816195,0.0
OFF,186,4441,0.0,0.02693602693602693,0.008597883597883597,0.005092592592592593,-0.0007936507936507943,0.01455026455026455,0.011807610677667174,0.0011926446352675856,0.015873015873015872
OFF,187,4426,0.0,0.03523190621814473,0.0004901960784313708,0.026881720430107524,-0.004999400371769491,-0.011877828054298644,-0.029541905257678292,-0.012121212121212121,0.0004771820232517786
OFF,188,4335,0.0,0.0006062517521727012,0.04950339451848128,0.003704432205612382,0.032226738934056004,0.018676781256001536,0.01094562175129948,-0.004032258064516129,0.01524390243902439
OFF,189,4427,0.0,0.02756527471980695,0.05723213455998514,0.014511921819317389,-0.0024503868728451006,0.0015901721127463235,0.014184157075152339,0.0008023286188752476,0.006100294607403613
ON_unbounded,100,4812,38055007119.55476,0.07678479712378018,0.009117860938636237,0.03865596193874517,0.013250743085335692,0.01665179898899792,-0.009129116714895955,-0.006860371267150927,0.010328990353203428
ON_unbounded,101,4749,36405300992.47239,0.03572093889716841,0.07133838383838384,-0.016289470333587977,-0.009469696969696975,0.023607788410419987,-0.006249999999999995,0.011363636363636364,0.014975334742776604
ON_unbounded,102,4749,35422232709.436104,0.08173902379200391,0.007781456953642393,-0.005454592124852414,0.008002207505518763,0.02187662772527718,0.0017952605122476678,0.008373296795310955,-0.006578947368421052
ON_unbounded,103,4887,39053619710.51915,0.0285586791610888,0.035172372658952636,-0.01555660845629709,0.03440685820203892,-0.028915662650602414,0.008313253012048192,-0.00900443880786303,0.011384669111227519
ON_unbounded,104,4745,36076266387.86986,0.07325219244324237,0.049553353601321175,0.0473055010740637,0.024513897172849818,0.005281287752636567,0.004678909814013338,-0.0064703257474341795,0.008623535236837763
ON_unbounded,105,4867,37968859275.09796,-0.0016374269005847847,0.024152046783625744,0.027881944444444445,0.028333333333333335,0.039381443298969074,0.018888888888888886,0.02,0.0015120274914089352
ON_unbounded,106,4676,35897018892.640854,-0.009294871794871803,0.08598456559621608,0.04801151229722659,-0.016415049125329498,-0.006619570905285185,-0.0015906932573599222,0.005256410256410256,0.01593228777694797
ON_unbounded,107,4768,35324185603.363556,0.013002000307739653,0.006952417400178587,-0.0004111673039759803,0.02236604587681064,0.018794914317302375,0.01765444621552432,0.017655624317437203,0.009799487411427709
ON_unbounded,108,4679,34089009837.590965,0.06078431372549019,0.04300653594771242,0.003730272596843623,0.04912854030501089,-0.02544055596922313,0.002024035420619859,0.010980392156862744,0.01764705882352941
ON_unbounded,109,4760,35978034775.97086,0.0667563820243047,0.03016002047298621,0.026139372429722273,-0.011195521791283485,0.0114690557885373,0.03239375712544719,0.018699553817616683,-0.0051175297076936415
ON_unbounded,110,4733,35848194844.52722,0.059431889516635285,0.06957353745215965,0.027761542957334892,0.009578036723163841,0.005370028528276567,0.019531614178366987,0.00847457627118644,0.0018654727640976445
ON_unbounded,111,4782,35764061055.02184,0.09505135387488327,0.016712454212454216,-0.006837046745303617,0.05886154011154011,0.016033026113671273,0.0010980120203421175,0.03551996399934544,-0.005894590846047158
ON_unbounded,112,4786,35276016720.356346,0.06185368536853685,-0.011891643709825518,0.012542087542087542,0.04678649237472768,0.01651376146788991,0.03289473684210526,0.013008800880088007,0.004797979797979798
ON_unbounded,113,4638,34597945961.40229,0.05968743159145636,0.0007652590816891111,0.011009321761491483,-0.011301933360756893,0.03017570664629488,0.021066277750769732,-0.004774637127578304,-0.0104912535121907
ON_unbounded,114,4854,36049820289.29629,0.09550972648822584,0.05504972941348545,0.014982110912343471,0.03235823719709455,-0.004297269969666329,-0.005655750672361966,0.001823985408116735,0.0436046511627907
ON_unbounded,115,4879,34532153539.40272,0.05751452039729182,0.04508203822097475,0.02894931557528672,0.04736947189777378,0.008884411064297493,0.03013626834381551,0.01432246998284734,-0.00933569182389937
ON_unbounded,116,4669,35374891698.24983,0.042171580153131966,0.052689479474263216,0.01973001038421599,0.0008055853920515554,0.018208399787347153,0.002506265664160401,-0.0011246063877642827,-0.015783506385010145
ON_unbounded,117,4557,32746763374.40272,0.033933244457611214,0.04734607218683653,0.03126367481888462,0.03231036479444123,-0.0023134238673236385,0.015618942121296041,0.021204202732865156,0.0194041279454248
ON_unbounded,118,4797,38918050069.84008,0.11672730422730423,0.011545240893066994,-0.002399595857539783,0.045821306743636846,0.030275109820564368,0.03857203660353267,0.006756756756756757,0.013513513513513514
ON_unbounded,119,4710,35295052940.3292,0.11577703903489514,0.05422112327799364,0.030950782997762858,0.038668783526977946,0.0037407855649686413,-0.003184495274619916,0.0022866306349112074,-0.01111111111111111
ON_unbounded,120,4781,36519950472.18508,0.040334399147348786,0.09090909090909091,0.056174386583743297,-0.007171387073347857,0.007523148148148147,0.0014558583740973676,-0.0037782034908471693,0.012345679012345678
ON_unbounded,121,4723,35043958072.39696,0.021831215379602475,0.028746770025839793,-0.005435517684452558,0.002203816719945753,0.007967645064419257,0.007120023249055507,-0.0036313903037162795,-0.0012296957218027905
ON_unbounded,122,4750,36679906522.77211,0.06603477167993296,0.09624439887597781,0.0553269885330954,0.010376878023936845,0.005887445887445889,0.006132756132756136,0.0009665906612471489,-0.005194805194805193
ON_unbounded,123,4797,35503876029.19499,0.08058208420298103,0.002787281736668236,0.020157756354075372,0.031610975440268425,-0.006309869766440636,0.003793126195659347,0.022494887525562373,0.013670312083222193
ON_unbounded,124,4799,36048038957.68489,0.07664067576348278,-0.004576415495955735,0.029741863075196405,-0.006558641975308643,0.03639530619728639,0.029681069958847738,0.00992063492063492,0.003533726963678655
ON_unbounded,125,4757,38122897164.34832,0.09396539840088226,0.06021505376344086,0.013926573543697446,0.010294240226723348,0.019611968209443668,0.00811774725859683,-0.005493221131369798,0.0009487666034155608
ON_unbounded,126,4686,34013476483.50839,0.12364817721960578,0.06646896716990175,0.006896551724137931,0.02011931962427012,-0.007921694318753145,0.01009506366649224,0.0034470246734397674,-0.014702422959303695
ON_unbounded,127,4974,37897547988.159645,0.14519526818992057,0.0018397684344797077,0.04084835865158615,0.036974285663860504,-0.005195140257059756,-0.006775011140819964,0.006889242183359831,0.003222267928150283
ON_unbounded,128,4804,37525715072.79166,0.08634259259259258,0.07401901294498384,0.06572640117994101,0.00845797720797721,0.025104166666666664,0.0028603142076502747,0.029658018867924532,-0.005885922330097087
ON_unbounded,129,4714,36358427736.28481,0.05385830476574576,0.049252055258920235,0.045313235195267865,0.009001261323242749,0.043859649122807015,-0.005820368531391371,0.0018575851393188847,0.020906432748538012
ON_unbounded,130,4594,34104644236.794724,0.05549682875264271,0.03977272727272727,0.05361952861952862,0.0032051282051282007,-0.007652023591620906,0.03417529252925293,-0.0009931633407243151,0.0061237373737373785
ON_unbounded,131,4695,38449605651.393814,0.06435185185185185,-0.008534136546184748,-0.0038711344839985617,-0.014835858585858577,0.0028349156118143495,0.015732388316151202,0.021023592085235923,-0.004196217494089834
ON_unbounded,132,4683,35339183999.359924,0.031225280809998396,0.0434593023255814,0.0004983388704318942,0.03138774889800881,-0.002785852713178296,0.008317898058585443,0.005642954856361151,0.013017081704054332
ON_unbounded,133,4665,35930557425.20548,0.042906976744186046,0.01691331923890064,0.01937005716075483,0.02707305614282359,-0.0029978197674418606,0.0070745009261164865,0.012937355960611775,-0.0078125
ON_unbounded,134,4556,34986868101.05657,0.08054990914410669,0.056889813949536995,0.0184268530763902,0.012058879938626773,-0.006814801323498163,0.040515918680475646,0.018616442085204844,0.007626063498651173
ON_unbounded,135,4786,36990553144.371704,0.054334554334554336,0.003028467595396732,0.052326579670329665,0.028972800249395993,0.005494505494505496,0.029634717134717135,0.018606393606393604,0.00331959706959707
ON_unbounded,136,4763,35820645230.40334,0.046827126567484764,0.030587668593448948,0.01132243561853856,-0.008920560678933355,0.014408980480857838,0.004413904290039714,0.014615549297630225,0.0014700019932230414
ON_unbounded,137,4820,36270912844.839066,0.08579124579124581,-0.0036286919831223577,-0.0052503052503052525,0.03444444444444444,-0.010759493670886074,0.011048689138576779,0.017715355805243447,0.016666666666666666
ON_unbounded,138,4787,35841860471.60824,0.08391397849462365,0.061657819518170676,0.01136044880785414,0.015735641227380012,0.030766889835666465,-0.009222924287772973,0.01935483870967742,0.003550241008527997
ON_unbounded,139,4758,36254008439.88088,0.0874348785871965,0.008354795192543542,0.029182842353657618,-0.028676139651514176,0.02898096772268957,0.010796708809953842,0.031114409682575932,-0.01650943396226415
ON_unbounded,140,4799,36182186760.94495,0.07035460992907802,0.04489361702127661,0.011954375959640273,0.007672469374597032,0.004799770757217568,0.01773049645390071,-0.0016050765210899598,0.01773049645390071
ON_unbounded,141,4835,34499923444.76114,0.0905952380952381,0.06083333333333334,0.017916666666666668,0.04157894736842105,0.0016789396170839473,-0.008571428571428572,0.01473684210526316,0.019307359307359308
ON_unbounded,142,4682,34244427150.711525,0.05301455301455302,0.04650634886855361,-0.01488631488631488,0.004246106571687974,0.011745707972123069,0.004756756756756755,0.016350561087403195,-0.0011050112612612604
ON_unbounded,143,4720,35696451257.56219,0.011032308904649332,0.10199960598896768,0.013184397163120566,0.0018109353215736215,-0.00783800517843071,-0.008781899739346547,0.002916538184808304,0.003410866690708019
ON_unbounded,144,4755,35978290681.71763,0.034574468085106384,0.04920212765957446,0.03875604092135819,0.00849891565558877,0.023367885070012726,-0.003723404255319151,-0.0047474647047126665,0.00011599390203486867
ON_unbounded,145,4700,35092788271.57029,0.05287878787878788,0.06262037750385208,0.0003787878787878812,-0.003422381711855396,0.024189918991899186,0.015422077922077922,0.014939110733503258,-0.007954545454545457
ON_unbounded,146,4764,36239208545.56501,0.057678407470354964,0.013278145695364257,-0.007285780829130964,0.02598836042544652,0.025047662050973307,0.009160116358234821,-0.003271483403933734,-0.0015391781598720032
ON_unbounded,147,4813,37704088795.852005,0.0707608695652174,0.05789186717320952,0.046509908311150545,0.010780761579994323,0.0,0.01281055900621118,0.035326086956521736,-0.00020903010033444802
ON_unbounded,148,4897,35824975433.934265,0.05544430538172714,0.030952380952380953,0.008169934640522881,0.02493492972410203,-0.005717427157778999,0.00269607843137255,-0.010407239819004526,0.023529411764705882
ON_unbounded,149,4736,33262234306.191986,0.05351280953400415,0.06334296724470134,0.02943597827990892,0.019457060280759702,0.000541907514450865,0.032764562027567806,0.018627035053295854,0.005522295623451693
ON_unbounded,150,4913,35849632643.71636,0.060162717670568085,-0.00027635413526277963,0.026596611274030624,-0.004561746497230368,-0.0030626437703953416,0.049524400330851946,0.02416744962939764,-0.00676115998696644
ON_unbounded,151,4780,37797952527.25575,0.08685770750988142,0.03330067920585161,0.0029708853238265068,-0.000443625443625445,0.03995840760546643,0.028771760154738875,0.006330529706513958,0.00417490118577075
ON_unbounded,152,4655,33201384840.092533,0.08536427944441574,0.04920580110497237,0.013230590287874384,0.016783508983703982,-0.011657149047464292,0.0028461409676879303,0.015276681575024115,-0.00596939099511018
ON_unbounded,153,4767,35879952706.378975,0.06466835389644628,0.025049344014861252,0.04411656351311524,0.030260536398467437,0.010673234811165846,-0.012034134447927551,0.015772669220945085,0.013708309779536462
ON_unbounded,154,4772,35150940760.45898,0.04884965222043873,0.02123595505617977,-0.008974630768143595,0.01879740660309067,0.032649736609725644,-0.005080739239884568,-0.006834405710810202,-0.002204905158873987
ON_unbounded,155,4656,35352109157.26002,0.04238651761517616,0.07436633189861311,0.006013649586037145,-0.00369650674528723,-0.01651701956580005,0.03255629901431758,0.00963967163943484,0.009520753102267864
ON_unbounded,156,4851,36693969341.3395,0.08306056403143783,0.05006802721088437,-0.018858784893267644,0.008910411622276026,0.030634920634920633,0.017584204413472707,0.015454545454545455,0.0007902735562310033
ON_unbounded,157,4687,34707518612.08482,0.02913776689786482,0.09703191474224897,0.030732212475633527,0.01191831181234219,0.005869296111324539,-0.01143599740090968,-0.004943413690100552,0.011695906432748537
ON_unbounded,158,4791,34971187673.37227,0.07603839939169281,0.04368186703516047,0.04121427474720889,0.026876939190925077,0.0038079181442939383,0.032924890958823096,0.021390552228875582,-0.009475893573677388
ON_unbounded,159,4856,36494335950.58984,0.0007627118644067954,0.07545000656943897,0.03625789298770356,0.018582989769430448,0.0170443725004761,0.030976037405026302,-0.001982833550630161,0.01298348544111256
ON_unbounded,160,4739,36864394366.827194,0.03116075071399428,0.01429854414823218,0.004527258863896315,0.004356979532652953,-0.010575380914194066,0.02595514950166113,-0.0038841117842485836,-0.0050387596899224806
ON_unbounded,161,4768,34600431308.419495,0.03498727735368957,0.04836309523809524,0.009325396825396834,0.04211630695443645,0.01544249775381851,-0.00467687074829932,-0.004355400696864114,0.010416666666666666
ON_unbounded,162,4778,37033834938.783035,0.07838765008576329,0.006406166932482728,0.033195592286501374,0.04999999999999999,-0.01295253419147224,-0.009217171717171718,-0.004545454545454547,0.0025058275058275053
ON_unbounded,163,4895,35013096873.605194,0.0424350821409645,0.07040006107802718,0.04982373678025854,0.01682380054473078,-0.010224787894690807,0.0020137784843667246,0.006906906906906908,-0.0012859633827375754
ON_unbounded,164,4541,33710548127.900066,0.082061440540365,0.009988844944731762,0.02660273252758802,-0.015225552708420236,-0.00816916361920491,-0.004330189635939556,0.020965226167538306,-0.010309278350515464
ON_unbounded,165,4744,34521629449.227394,0.0442481726418378,0.015823415996276846,-0.01202960532739665,0.04286653517422748,0.008011435409879662,-0.004143741997993007,0.012543145956607497,0.00029918223522372184
ON_unbounded,166,4744,36755922195.26411,0.07651515151515151,0.034647681635633455,0.007647907647907647,-0.016550116550116546,0.02575757575757576,0.030303030303030304,0.023436492585428754,-0.007296263606943217
ON_unbounded,167,4715,36183605470.73378,0.048403498067927604,0.053258070905129726,0.06407494325395298,-0.009355413719740094,-0.00363314517726282,0.02145627777359343,0.027606951871657754,0.012283382252422502
ON_unbounded,168,4670,35722139875.0471,0.07999569336778639,0.04007067943456451,0.03435994133668552,0.001089044384990058,0.016085271317829455,0.021424507503022546,0.026713586291309672,-0.008471760797342192
ON_unbounded,169,4862,36664592132.19052,0.0520457773407626,0.04786947141316074,0.040519151630262734,0.03384599288554091,-0.02244668911335578,-0.008840761665620422,0.004852861246991223,0.01711560044893378
ON_unbounded,170,4766,36742737572.406395,0.06276803118908382,0.02115583075335397,0.03637770897832817,-0.0035792094615623993,0.0003785505430242246,-0.00421318447634237,0.025472334682860996,0.0042695233659369655
ON_unbounded,171,4736,36443053730.54958,0.027378604301681222,0.06320178912547175,-0.00879505110274341,0.026834838575729263,0.03319838056680162,-0.006724045185583647,0.01996623541603985,0.014409379793995179
ON_unbounded,172,4653,33681803127.895054,0.04730078916125427,0.06677477477477478,-0.005426036723746641,0.006526935098363669,0.007068607068607069,0.007882882882882882,0.00788670025958162,-0.008297469443966258
ON_unbounded,173,4696,34347482736.06482,0.08773418168964296,0.03642686656224361,0.03137596502015441,0.020169426146816213,0.014846235418875926,-0.012384594184924904,-0.0035642747731825138,0.03657019779153016
ON_unbounded,174,4680,35132408263.287224,0.041615617087315204,0.04628704628704629,0.021041239462292097,0.02604237867395763,-0.012374418034795392,-0.0020946795140343536,0.003183091418385537,0.002976190476190476
ON_unbounded,175,4764,37568090519.80796,0.08514922689679971,0.05400934915498024,0.012626262626262624,0.008631772268135905,0.03373983739837398,-0.007407407407407406,0.007659115426105718,0.01027013251783894
ON_unbounded,176,4751,34345239429.267365,0.04098419540229884,0.0028606965174129417,0.03685897435897437,0.031635802469135804,0.0018960674157303369,0.018201754385964913,-0.0034552845528455223,0.00625
ON_unbounded,177,4698,34028746478.968937,0.04883731877235925,0.07285148101793909,0.05935208558721001,0.0029081328295883883,0.012769210748910142,0.0018102985875201143,0.024289058734421262,-0.002945313873747143
ON_unbounded,178,4657,35144408278.3703,0.017165005537098564,0.07284020327498589,0.0011114743380189612,-0.0237888198757764,0.007950310559006211,0.01897439781851235,0.034161490683229816,-0.004777830864787388
ON_unbounded,179,4869,34563062401.17068,0.08245614035087719,0.007309941520467836,0.0323063756953359,0.02674578603371173,-0.021496449456975777,-0.0056462996571889496,0.0033738191632928446,-0.00588276246170983
ON_unbounded,180,4823,35917382249.05448,0.0425733552032076,0.05663082437275986,0.021594982078853048,0.023232009925558315,0.02613807657521857,0.008357771260997068,0.01603553062178588,0.013540885221305327
ON_unbounded,181,4669,35405602106.7381,0.07122878985642364,0.02873813938270258,0.004971984142803355,0.01799051763330519,0.0066346748100483514,0.049132947976878616,-0.004423734811843812,0.00351588105595614
ON_unbounded,182,4870,37005783898.90263,0.021396084283836117,0.054073203930562544,0.055601488218272016,0.023209650328294397,-0.018574071296435176,0.0042372881355932195,0.010462947726400088,0.002824858757062147
ON_unbounded,183,4856,38617195488.865105,0.10739348370927318,0.00459288653733099,-0.0031966490299823666,-0.011080844767285446,0.03403361344537815,-0.010989010989010992,0.021221532091097308,0.008394383394383396
ON_unbounded,184,4718,35389831305.48475,0.10129629629629629,0.040183974824497704,0.04664289958407605,0.01621044457386915,0.00855045214432805,0.014880385811282447,0.04231520787008961,0.00839899822857492
ON_unbounded,185,4659,34735552325.66563,0.04413485446833406,0.05922547447206629,0.04500035559348553,-0.004844961240310079,0.001693828969053287,0.013996554694229113,0.016672366621067032,-0.0013381321520856398
ON_unbounded,186,4685,33765481885.898304,0.09761904761904762,0.05576109936575053,-0.00471817720785337,-0.020051272660684856,0.00035505059470974584,-0.02462082912032356,-0.008678800134816313,0.005441860465116279
ON_unbounded,187,4750,37000181179.9146,0.0693056943056943,-0.008101851851851846,0.03780864197530864,0.020125095492742554,0.0275974025974026,0.011363636363636364,0.003350815850815852,0.003522727272727272
ON_unbounded,188,4738,40067281301.30769,0.05461176696420003,0.058061766441544815,-0.021198242247942062,-0.01834862385321101,0.01773225227455592,0.04411331861662987,0.03458046016249061,-0.00954421503700818
ON_unbounded,189,4812,36826510270.42769,0.06951733348381393,0.03329412917769283,-0.0021845007878527473,0.03988504512247529,0.017295863664578748,0.016872968926863116,0.008095658139762813,0.004371263353915515
W12_both,100,4615,37371258599.52558,0.05608108108108107,0.013492398648648651,0.006006006006006009,0.03463502872951692,-0.0012215605435944368,0.0034830105696247483,0.0047638547638547656,-0.001534868201534867
W12_both,101,4627,37129326472.99861,0.08638611594468357,0.040848355698899955,0.004781317630479648,0.01566241021548284,0.0017013712544438828,0.01150330116810564,-0.006913407821229051,-0.002588283532366358
W12_both,102,4659,38456552916.57232,0.04635556473260376,0.062090105503279175,0.003917696521849923,0.023413173652694613,-0.003949091065181466,0.0027167886449323587,-0.0007434111369098544,0.008144630279670545
W12_both,103,4594,35341969797.481255,0.0015103056147832278,0.08966076267905537,0.016666666666666663,0.043055555555555555,0.009888632872503845,0.005562060889929742,0.0039320472714633285,0.019345238095238096
W12_both,104,4808,37975295921.106155,0.06942267502612329,0.09262945846664296,0.019177253478523896,0.007040229885057467,0.02237787356321839,0.028735632183908046,0.0064039408866995075,0.0023510971786833857
W12_both,105,4595,35907256795.48358,0.06690094587493431,0.07361056550124398,-0.005833868550631553,0.03348275726475561,-0.03658745450652965,-0.009324565590143358,0.00165297637156475,-0.00423728813559322
W12_both,106,4683,36073144629.91575,0.05621693121693121,0.04639823309548079,0.013363363363363367,0.014458689458689458,0.01632251720747296,0.0016381766381766364,0.004273504273504272,0.024603174603174603
W12_both,107,4802,37359533935.8575,0.08229166666666668,0.03576604554865424,0.05071325944170772,0.03090277777777778,0.014341787439613528,-0.0048611111111111095,0.003472222222222222,-0.009643151815181519
W12_both,108,4681,36221098547.31374,0.02943469785575048,0.029284068757752954,0.014339927833768817,0.010697082467417397,-0.005764411027568923,0.003024803387779794,0.016558606661581488,0.018302968960863697
W12_both,109,4631,34718690703.87893,0.05425219941348974,0.03993506493506494,0.02988649380401957,0.006301957629391258,0.0035934566908018273,0.008376447400837646,0.013636363636363636,-0.005516705516705517
W12_both,110,4713,36882797801.434814,0.021785232311548094,0.07398576266500798,0.014097014097014096,0.00561395126612518,0.0054155614500442165,0.010989010989010992,0.028016537917528016,-0.0035448422545196743
W12_both,111,4691,36184063625.98072,0.0717965447403118,0.0302838200139995,0.01798750844580676,-0.001847179672012974,0.0020931676122010016,0.02441097886810784,-0.001356165492672659,-0.022222222222222223
W12_both,112,4745,36182670030.69271,0.05760282895961287,0.03925689051317192,0.0018425460636515914,0.011489264504339883,0.028076160619611823,0.002189848324189756,0.01762635809014491,-0.02119974874371859
W12_both,113,4549,34821334569.99621,0.04973272241313478,0.06400343642611683,0.0033370253613927495,0.02093168898737836,0.008074080832040871,0.015334671410759358,0.015198502500488922,0.02022043416310452
W12_both,114,4590,35223380630.94951,0.08207755077729464,0.06244522348816828,0.018170010501298847,0.0185208610039424,0.013533587992437398,0.007682782687003996,0.02147239263803681,0.013454412925955173
W12_both,115,4636,35037366929.74466,0.07352171637885924,0.04893254893254893,0.015772253636331307,-0.013431013431013432,0.007274172368511987,0.017051282051282056,0.004240904726341619,0.01379598662207358
W12_both,116,4781,38756659068.50593,0.05960511033681765,0.04424908424908425,-0.006666666666666668,0.014126984126984127,-0.010212164073550207,-0.013789260385005067,0.0015476190476190477,0.01182370820668693
W12_both,117,4715,38488367847.95411,0.028344024708956993,0.05050052808008449,0.008577579069382349,-0.011538699021333088,-0.03013661202185792,0.007492535631795392,0.01933159103508355,-0.004312654023357976
W12_both,118,4602,36377414190.433624,0.026840114576904203,0.0064458140729327235,0.02499999999999999,0.016290018832391718,0.0007731192387749036,0.001681976969853798,0.008184170230740799,0.007062146892655367
W12_both,119,4548,37119845089.615685,0.08437484482844232,0.034104801340826184,0.025347125151430436,0.025954411615392425,0.040721844293272864,0.03231292517006803,0.007193417907703625,0.0047619047619047615
W12_both,120,4607,36672671281.373375,0.08446789199001589,0.03912238963785356,0.03649946971114855,0.04039418293149637,0.00346907993966818,0.0019230769230769232,-0.0016757520694528558,0.010176282051282053
W12_both,121,4669,33115362370.48825,0.027492490719972715,0.04238155668358715,-0.017949421502720997,-0.013021408077687043,0.01651861252115059,-0.018578948781994467,-0.0023477157360406106,0.008103199366646486
W12_both,122,4533,34774789884.22955,0.08249158249158248,-0.0016081871345029197,0.06274928774928776,0.024425287356321837,0.006397306397306398,-0.0031746031746031737,0.009424603174603174,-0.01141141141141141
W12_both,123,4605,34629874322.40356,0.07038119358399894,0.03178851082508531,0.007000401346052915,0.00794121133104184,0.02011850626980846,0.017895151754040207,0.009117633549216849,0.007532956685499058
W12_both,124,4614,34842117986.66647,0.09381813518019752,0.06404254555890374,-0.02957305131218175,0.007110863859408879,0.0014528626775721053,-0.0023872409589597715,0.00640527950310559,-0.00560929397686478
W12_both,125,4704,38426306074.86261,0.06235677771901992,0.07309162001244113,0.03282399547255235,-0.014507242513107609,-0.03491948857861231,0.014681555004135649,-0.007308467741935484,-0.011143695014662756
W12_both,126,4566,35901709577.007744,0.09569440679497604,0.01027207559465624,0.01617790811339199,0.011732800456751354,-0.002009518773135908,0.031607901975493874,-0.01703887510339123,-0.0004928315412186376
W12_both,127,4761,36895380078.2393,0.12338625715773036,0.06992027580262875,0.03288982259570495,-0.004032976827094473,0.01625435220817299,0.024951465734808772,0.010294117647058823,-0.009068627450980391
W12_both,128,4528,38664344901.98246,0.036592999181472394,0.03473581213307241,0.03627169931517758,0.035352523431064806,0.012819586884298715,0.002906513776078994,0.012422360248447204,-0.012958666966000648
W12_both,129,4711,37871023304.01523,0.05624559548978153,0.04964886698846875,0.005152629233511584,0.028344733745219185,0.017045454545454544,0.002420033670033671,0.0034722222222222238,0.007425304446332484
W12_both,130,4552,34865430307.437065,0.04468398747005712,0.029982363315696647,0.045939056887961995,0.029934138007054672,0.006566175630923831,0.0035500938726745167,0.0035407999784590107,-0.00037957211870255376
W12_both,131,4598,36396828124.947,0.045135380230599806,0.009992132179386312,0.012038335670874242,0.009269558769002595,-0.017275197920359205,0.035483870967741936,0.02795698924731183,0.012903225806451613
W12_both,132,4529,34756818111.04622,0.042530294809187935,-0.018079922027290446,-0.011944755505785741,-0.02222222222222222,-0.0002864303616183332,0.017560255779636005,0.002846739490235022,0.007581453634085213
W12_both,133,4717,36846355098.7164,0.09144365046004391,0.027892611071513432,0.055719022932137686,0.010849381930075869,0.002857572567303353,0.0233529229817507,0.01366120218579235,-0.010613703236654056
W12_both,134,4634,37092346047.72497,0.018071139070153217,0.01739159350891195,0.047716173008678545,-0.0018289438680500134,0.011327084968527327,0.01516246066910679,0.006676853045568129,0.002793296089385475
W12_both,135,4691,35662173957.24491,0.05750315573719271,-0.0016734611706678698,-0.0029525629716749963,0.003612925223594833,-0.012704185569844904,0.01831757627847013,0.010838475675807258,-0.0005850822889929036
W12_both,136,4774,38289884484.04165,0.07280618852602472,0.03310200484688257,-0.014378213673585986,-0.0025907465292444587,-0.0033690363680912855,0.009766018283597114,0.02247191011235955,0.011259560003776791
W12_both,137,4688,37791854435.36431,0.05566230064227467,0.04766821545345036,0.01670108415074858,0.03886516168395363,-0.02022461754005378,0.003158919545944154,0.015032187371592932,0.00224712368168744
W12_both,138,4754,38557950039.3533,0.08618406750854725,0.03522122421823021,0.005660108354719133,-0.004100820914561848,0.010880200383546635,0.02270881964883792,0.023952095808383235,0.00911451433416353
W12_both,139,4651,36429895184.677246,0.07889589219734841,0.021295638795194978,0.007606970640297871,0.04569563443492452,0.045593191776204925,0.016988478771068915,0.007288506909336029,-0.0033720930232558136
W12_both,140,4714,36110740286.708565,0.019404541241890637,0.02806096179590154,0.018053345457300904,0.02448995983935743,0.016405243615973324,0.013417305585980283,0.011422159225135838,0.010350681074814724
W12_both,141,4721,37069874852.14432,0.023849607182940505,0.020515613652868567,0.042049732948078095,0.014604034929238181,-0.021890029252813727,0.0036774363015497757,-0.005154639175257732,0.018518518518518517
W12_both,142,4550,37320991109.94983,0.044891232696110735,0.048280098280098285,0.015622440622440628,-0.005937433496488613,0.02183783783783784,0.02928777834438212,0.013513513513513514,0.0003213003213003215
W12_both,143,4740,35813184631.72404,0.04247120443949037,0.043041871921182265,-0.0012315270935960507,0.0045067394360373825,0.011257988682945263,0.006528233898923555,-0.005233990147783252,0.018602900930487137
W12_both,144,4577,35937846070.66741,0.02903193003864144,0.02996891251924809,0.03388512895555149,-0.013493890076168557,0.03400281888653982,0.019416014449127033,0.0191713048855906,-0.0070921985815602835
W12_both,145,4580,35039300211.631996,0.055155089558759286,0.05339253187613843,-0.0025269541778975765,0.0148046398046398,0.008267195767195767,-0.001945970695970696,0.0011904761904761897,-0.006868131868131868
W12_both,146,4610,34978588954.01902,0.030600982908133303,0.05564080172987359,0.0408682634730539,0.04157337498915213,0.00961235423889064,0.009489495585100984,-0.01990049751243781,0.010732771744646302
W12_both,147,4656,34273347808.65384,0.06507405637840422,0.060755616065350584,-0.0048262548262548235,0.041782844021649994,0.005978021978021979,0.0073112371499468275,0.020146520146520148,0.006401855025708237
W12_both,148,4739,38218320066.60239,-0.0012531328320802004,0.019278179107900487,0.014732343679712101,-0.01636353881646011,0.023480418217260313,0.020556441609073193,0.0009935842843354342,-0.002847698957538775
W12_both,149,4680,34912429827.85929,0.07553144860837169,0.07636397521315753,0.017225509533201833,0.017809007232084163,-0.00088238347347659,0.0001384130938786813,0.03550295857988166,-0.008771929824561403
W12_both,150,4594,35585753409.983,0.05768262361124226,0.010805077723641907,0.01969760022194479,0.03848387190430566,0.00345220648102915,0.016853932584269662,0.008958396598846036,0.0042488905674629394
W12_both,151,4640,37663126217.96891,0.106524340323698,0.011764285203461344,0.01271338352499931,0.01583993688038146,0.018429403354604735,0.015111178085861633,0.004351265822784809,0.005485232067510549
W12_both,152,4644,36835774129.8278,0.06636772278956096,0.03240740740740741,0.008348409467812453,0.031378540369021046,0.007063917055941671,0.0020211442786069664,0.0457189857165784,0.014925373134328358
W12_both,153,4754,36449783445.52422,0.04665984486722756,0.03725079960560805,-0.01385815325869999,0.0179799974519047,-0.009331985379889572,0.05176314038589487,-0.010246174318030606,-0.010309278350515464
W12_both,154,4639,35346039638.72644,0.05007326678267241,0.017082361911464977,0.03976153025618774,0.014184026871334344,0.017888141905753874,0.008009451152359785,0.0021966697401963435,-0.0021571989601194756
W12_both,155,4625,35946564905.630196,0.022204806687565304,0.020815632965165684,-0.013976763976763978,0.014145211513632572,0.014375561545372865,-0.030691800109275837,-0.0017539931333034782,0.007830404889228417
W12_both,156,4676,36538693217.879295,0.0262050170738114,0.04064232075809047,-0.0007845411400842564,0.010395091947530289,0.0032312586995426537,0.003352404791703914,0.007387706855791962,0.007764734653949621
W12_both,157,4533,35683162749.667816,0.03913968688250495,0.011092543077837191,0.01713554987212277,0.017290552584670226,0.013368983957219251,0.0011365680550785781,0.0007312948489419033,0.0010740893093834263
W12_both,158,4613,34820422825.66712,0.04242831541218639,0.05903538991544003,0.010854128626496248,-0.00046013755691174524,0.009806148720278664,-7.168458781361617e-05,0.015019236460491268,0.0064516129032258064
W12_both,159,4586,36635237460.82858,0.06734791126171441,0.030708953248266002,0.007099124234674105,0.00944028520499109,0.008811757979349544,0.017299693770282003,0.020919517034944338,-0.005952380952380952
W12_both,160,4671,34835052745.953674,0.1063521148266911,0.04633382461311718,-0.012424147311152961,-0.012320182310212223,0.0025292340034161094,0.017548365005992123,0.00014124293785310743,0.011299435028248588
W12_both,161,4536,33943132611.910984,0.045999681249501954,0.0193462216347213,0.012094257178526843,0.002965454366252708,0.016986830977407275,0.006598894239343678,0.011869156360305014,0.011837438301460921
W12_both,162,4694,35584861794.72061,0.044592602519431784,0.042017040930084404,0.024361806578301424,0.008641741400362092,0.018856143856143856,0.01539935160624816,0.0070434884264671494,0.02197802197802198
W12_both,163,4706,34451572369.75623,0.07637914913510986,0.017923219241443106,0.01898148148148148,0.033674339300937765,0.013318203535594843,-0.006843800322061191,-0.0009881422924901198,-0.004180602006688964
W12_both,164,4570,36593151950.87125,0.0542063492063492,0.030117029862792577,-0.003965201465201462,-0.00817024863042562,0.006790890269151143,0.024184704184704184,0.0018181818181818195,0.002380952380952381
W12_both,165,4765,36762975254.95959,0.06727647105409043,0.025893232450609496,0.02548547436016177,0.019630096679277006,-0.002197059320601654,0.0024590163934426236,0.009510298444724674,0.016437511017098536
W12_both,166,4543,36779316272.087524,0.07493842734426623,0.007974586482637748,0.04606200021908204,0.03415270018621974,0.030726256983240222,-0.010363533317140312,0.0223463687150838,0.0297951582867784
W12_both,167,4601,35349250014.637344,0.021786209286209293,0.07418643132928848,0.05692883895131087,0.0009365801445009383,0.007323452484742803,-0.006891891891891891,0.017273795534665102,0.004504504504504505
W12_both,168,4662,38777940301.82085,0.06217486994797919,0.04028387055756882,0.021403522649369826,0.021391369047619048,0.019284721187745175,0.0051409876927870374,0.0006943144230169111,-0.002739984882842026
W12_both,169,4659,36055748640.451866,0.05061224489795919,0.02342472342472343,0.041617900172117035,0.007252747252747251,-0.008630338733431515,-0.0010210210210210222,0.005614617940199336,0.005714285714285714
W12_both,170,4578,36001806831.30132,0.04116936629724354,0.014569397993311042,0.04413702239789196,-0.019299834731756928,0.008605072463768118,0.038817363163078655,0.002673420571267765,-0.00923913043478261
W12_both,171,4683,37204096629.62907,0.030287676631199682,0.05675237047164882,0.020790364376751816,0.0030482052733361645,0.02128175295714563,0.019536552259065348,0.017517750842716777,-0.003221908981071284
W12_both,172,4631,36592197796.74395,0.06062624916722185,0.03518719479110147,0.03338493292053664,-0.0026315789473684223,0.0206140350877193,0.000944669365721993,-0.02054794520547945,0.010526315789473684
W12_both,173,4581,34843500580.088646,0.07472921472269582,0.03940464564064265,0.023882853170368937,0.026579345474043007,-0.0014255863456168055,0.013806706114398423,0.0028000845308537615,0.01775147928994083
W12_both,174,4641,36806788378.93545,0.10863095238095238,0.012817460317460318,0.003528473244968095,0.022023809523809525,0.00020525451559934293,0.026924141749723147,0.004528985507246376,0.00935374149659864
W12_both,175,4699,38078570483.12103,0.05678251638511954,0.06729867180170838,0.012951167728237789,-0.007279344858962693,0.009411236322064347,0.01592356687898089,-0.010118099787685776,0.0013604600828643863
W12_both,176,4722,38422215591.535866,0.07328342496198385,0.04274239816408491,0.03142570281124498,0.03327596098680436,-0.01719782355227361,0.00237685435620031,0.005469245402663286,0.0
W12_both,177,4761,36982509710.334816,0.04285880708294502,0.07145270270270271,0.021529403419167203,-0.005165716174890492,0.002837047573889681,-0.019077901430842606,0.018718718718718715,0.010810810810810811
W12_both,178,4705,36606691672.670586,0.01335843643535952,0.0644459054715465,0.03229783037475346,-0.00020545693622617267,0.028599605522682443,0.023668639053254437,0.011834319526627219,0.007750645887157262
W12_both,179,4682,35028778197.08529,0.07409956102475533,0.07128564808964151,0.0690362048649783,-0.012233736327000571,0.006746545768566495,0.018134715025906734,0.02094315536532252,0.0009440590146658472
W12_both,180,4702,37461174994.73607,0.0603670634920635,0.050694444444444445,0.025451696165191738,0.007852564102564102,0.016544117647058827,0.0034594801223241604,0.008024691358024694,0.00974099099099099
W12_both,181,4619,35979318869.47528,0.0703203781512605,0.02942927170868346,0.010784313725490192,0.003039215686274511,0.043137254901960784,0.012409921233450652,-0.01609566903684551,0.006501547987616099
W12_both,182,4726,38086935769.21551,0.026907223821198888,0.06507174641267938,0.0261501210653753,0.038124471729169454,0.017487220877051388,0.009458674935927384,-0.007986646122239342,-0.005578502587475668
W12_both,183,4558,34397066540.05618,0.044801165146909835,0.055318916557448666,-0.006283068783068786,-0.013392857142857144,0.014804639804639802,0.01046176046176046,0.02251221001221001,-0.0025183150183150198
W12_both,184,4713,36845511640.04802,0.10420875420875421,0.051599326599326624,0.016498316498316498,0.03319327731092438,0.01755479969765685,0.002826941986234021,0.003125,0.0013182674199623354
W12_both,185,4580,36086565828.679054,0.08698752228163992,0.0906823654501673,-0.044674688057041,0.006238859180035659,0.00036499448264154175,0.01832409360741795,0.004010695187165774,-0.021551724137931036
W12_both,186,4648,37953684784.95793,0.05924063157026838,0.04160462398129913,0.03963117175798051,0.002081313425117963,0.0022806600031730906,-0.012683144608141565,0.00253469625197374,0.00010146515686513223
W12_both,187,4694,36580318480.14358,0.0920838420838421,0.06728618138014111,0.04987629329734593,0.007211538461538464,-0.02510022785613336,0.0035485347985348,-0.008726567550096962,-0.019929223319053828
W12_both,188,4756,37205129809.88315,0.027777777777777776,0.06909430438842203,0.011322632823192735,0.0016807109637611076,-0.010267917856657146,0.01572625256835783,0.0327485380116959,-0.012076023391812865
W12_both,189,4662,36981701458.662575,0.08292934845985972,0.03282403870639165,0.0002970885323826389,0.038821320966037264,0.014540361599185127,0.011924271174745562,-0.007635481559071613,0.011280875986758341
W12_local_only,100,4730,35398281185.79724,0.06578798825920074,-0.018153773137161835,-0.011240310077519383,0.019421078673923807,0.0020155038759689936,0.03850261034646417,-0.00031660142758461844,0.0
W12_local_only,101,4727,36207025394.24794,0.05493133583021223,0.04413291796469365,-0.02894150981582675,0.012827637306659256,0.013157196668258264,0.01514905588919548,0.0061670569867291174,-0.007867535716637038
W12_local_only,102,4684,36596040812.23757,0.06539586144849302,0.010355750487329451,0.006260944262728385,0.022961816305469555,0.012271841219209642,-0.014354066985645935,-0.0037674313990103472,0.005847953216374269
W12_local_only,103,4769,36120792614.116066,0.0516331346249379,0.07675339650072693,0.01767418032786885,0.020233348102200562,-0.009063682219419923,0.03921134249003101,0.013008365975143866,0.01092896174863388
W12_local_only,104,4767,36530642560.83513,0.035932968095391565,0.06409172864548118,0.003712871287128716,0.009683674422951129,0.019476372924648787,-0.006204862170684569,0.021072796934865905,0.013271714658134849
W12_local_only,105,4831,36588849621.61997,0.03706431026018655,0.04966934008723793,0.001441535574002055,0.04381066347560165,0.03568042414039976,0.00759144237405107,0.006055900621118011,-0.0028797289666854884
W12_local_only,106,4650,34224041086.807526,0.0715246773897621,0.07060381024002008,0.013036455929856944,0.0008957897879964122,-0.013458826847151717,0.020533864667836868,0.014672704953385754,-0.009775251967924666
W12_local_only,107,4759,34337873222.512875,0.06852306852306853,0.06317254174397033,0.025711662075298437,0.018052869116698907,0.02058319039451115,0.021057513914656774,0.022970779220779218,-0.007958085528178987
W12_local_only,108,4862,37908440890.49356,0.06520467836257307,0.03806390977443609,0.028508771929824563,0.021089958939902946,0.03618421052631579,0.029777261781905748,-0.007820756711054741,-0.0007309941520467836
W12_local_only,109,4741,34939397124.09595,0.1286851148489781,0.04525942515864128,0.01259930486593843,0.033823966696402016,0.017604216964429424,0.018379281537176273,0.006916329284750337,-0.0013348588863462997
W12_local_only,110,4776,36062476171.08791,0.084801912568306,0.05258527901970525,0.028490536152688685,0.009745929806771449,-0.010874316939890709,-0.007598381835896135,-0.0031555452936196417,0.003886708227507119
W12_local_only,111,4771,36014186015.54482,0.06250115794349236,0.08157001807815323,0.01225127087872186,0.03035415716674266,0.01414458913336327,-0.009269162210338681,0.01795739878685287,0.0010504201680672266
W12_local_only,112,4714,37349948493.33975,0.01437847866419295,0.057261770429606375,-0.022125438741569727,-0.003137618683837176,0.02487291212781409,0.023752228163992875,0.006427396133278487,-0.0019371384917603405
W12_local_only,113,4674,32721135957.441956,0.06912878787878787,0.010971320346320354,0.04891666666666666,-0.006576592698639944,0.005750834617360038,0.023512564671101254,0.006938857602574417,0.02121484630477436
W12_local_only,114,4812,35570392105.39782,0.10627177700348434,0.07349254742547426,0.007673964534920939,0.019458883113421303,0.01213918102483777,0.006280670914817255,-0.014039445950015054,0.0021293070073557883
W12_local_only,115,4662,34620188218.61064,0.07317460317460317,0.06570048309178744,0.016930693069306935,0.024324324324324326,0.036816816816816825,0.007678571428571427,0.024404761904761905,0.012222222222222223
W12_local_only,116,4698,34565961402.83458,0.04088923602071223,0.0932759481037924,0.011603658354931934,-0.012984557201386707,-0.03268463073852295,-0.00036291054255126187,-0.0009235260821640265,0.0
W12_local_only,117,4691,36946918962.88374,0.013737428073092417,0.012013627398242785,0.03486700215672179,-0.005622892409492902,-0.013609467455621301,-0.004525748432831447,0.008432958982409531,0.007889546351084815
W12_local_only,118,4744,37096890799.363655,0.15297230003112355,0.05683185380288103,0.03730732058905433,0.010474275180157533,0.042075163398692814,0.014133390582510376,-0.008130081300813009,0.002659978720170239
W12_local_only,119,4706,35476336484.322815,0.04460784313725491,0.052148033126294,0.05238095238095238,0.005013358478705009,0.047619047619047616,0.012320044296788481,-0.010617760617760617,0.01452212090509963
W12_local_only,120,4750,35736463384.00796,0.0887756634012686,0.05790530543225534,-0.018250780901383303,0.014507571570686412,0.016846145644525003,-0.002074230989893639,0.002244271202456887,-0.0026576895818568383
W12_local_only,121,4623,34140564492.5347,0.04945355191256832,0.07320261437908496,-0.020238095238095243,0.0008130081300812969,0.014814814814814815,0.025629629629629627,-0.002860696517412935,0.004846335697399527
W12_local_only,122,4623,34512743715.98966,0.04233020280386551,0.06783958502690357,0.02512658227848101,0.01676606621226874,-0.014993240752119944,0.02187909209951986,0.009852538170429335,-0.01327872921320427
W12_local_only,123,4859,36833338905.2823,0.052329231541938734,0.04835131105849338,-0.016340500122035098,-0.01835136046481467,-0.02574005865902735,0.0083176492016271,-0.00035749106272343206,0.005367905575087895
W12_local_only,124,4627,34823160652.83504,0.08887987012987013,0.024120515499825843,-0.027405726803317165,0.00014625014625015142,0.03023715415019763,0.013263332412268583,0.004921394395078608,-0.0196078431372549
W12_local_only,125,4848,37635848466.252655,0.10398603082851639,0.01858837846060237,0.012664579319203596,0.013979643126413671,0.019409796166717373,-0.0014576526765518977,0.011964696376406238,0.0016177700221761716
W12_local_only,126,4789,36137251929.879776,0.07684120902511708,0.025772270114942528,0.014953611348595665,-0.006178160919540231,0.024386455420938175,-0.004098725830883006,0.026849170834430114,0.004150702426564498
W12_local_only,127,4892,37660233766.90287,0.05738738738738741,0.02458046281575694,0.05602003873031911,0.006006006006006009,0.029902242668200116,0.03163963963963964,-0.003853853853853853,0.0010135135135135136
W12_local_only,128,4787,37766679602.40426,0.0684964946198762,0.032649107189610935,-0.00436481846738257,0.05244833204699425,0.008668639053254438,0.006172209753111609,-0.0012943786982248526,0.005058945751840644
W12_local_only,129,4759,36506574611.17326,0.08870302872515837,0.007865711875218645,0.01574745246349408,0.04498845446362176,-0.0009689359145786079,0.002665400905506061,0.0020554129835566974,0.0163284542027057
W12_local_only,130,4722,35192643033.89742,0.0045771144278606984,0.06233981607115935,0.012760272710521478,0.02689355581972145,-0.01433309642264866,0.00599680170575693,0.013077469793887705,0.011608623548922057
W12_local_only,131,4671,34959316538.27083,0.002291666666666671,0.060556102362204725,0.03681784660766961,0.003291666666666672,-0.012268518518518517,-0.0016509433962264147,0.019755747126436782,-0.009692028985507245
W12_local_only,132,4639,35629448086.9104,0.087850740144557,0.07729633162253409,0.03438464104060702,0.022815471875133265,0.005460341508064261,0.004173890708277145,-0.00046966925396746927,0.006204780657569373
W12_local_only,133,4672,34480351356.40149,0.08982914248871696,0.052665544332210996,-0.0067599067599067655,0.01907737165469125,-0.014393939393939393,-0.0005747126436781609,-0.0034090909090909102,0.014678030303030304
W12_local_only,134,4578,36424434748.159134,0.04333762333762334,0.03483245149911817,0.027409988385598133,-0.019231105286151157,0.00044616044616044986,0.00732041969330105,-0.012514880952380951,0.0035714285714285718
W12_local_only,135,4811,36795130225.6605,0.04404761904761905,0.01168014375561545,0.021333333333333336,0.03551138716356107,0.016666666666666666,0.011904761904761904,-0.010176366843033509,0.0016159250585480091
W12_local_only,136,4647,37763865202.90453,0.05311075961284976,0.1299191091501208,0.018864333189291524,-0.012056967146787508,-0.00010930519912555683,0.03095518364979443,0.00979413721576455,0.01043858229486972
W12_local_only,137,4775,37643853248.253204,0.1230510752688172,0.0404221425726802,0.037028797429242366,0.0076302729528535986,0.041935483870967745,0.0043582704186684975,0.007591076873696037,0.0
W12_local_only,138,4772,37016502042.32138,0.09438775510204081,0.05526960784313725,0.0006558641975308657,0.0296875,0.021153846153846155,0.02269021739130435,0.005745967741935483,-0.008035714285714285
W12_local_only,139,4733,34926135413.87345,0.062168851761611944,0.022533986553837676,0.014594070115161922,0.018286363788319458,0.03254437869822485,0.03879026955950032,0.009517695657028022,0.0038214990138067065
W12_local_only,140,4741,34427679428.86069,0.04878298865805374,0.02855826460013898,0.026113380212500183,0.004268693123182288,0.040549075750557925,0.0076539984487896465,-0.013157894736842105,0.0106951871657754
W12_local_only,141,4749,34669998704.061104,0.08366176212997023,-0.0050263885398341285,0.034142581888246634,-0.014486881673959624,0.025705542332539952,-0.006181759794476557,0.014647924330005255,0.01438475197400733
W12_local_only,142,4876,36179146295.85485,0.08096468561584841,0.033605164797825354,-0.016445550027639574,-0.007781682081936532,-0.0038133371466704813,0.004171754171754171,0.003332479945383172,0.008886175552842223
W12_local_only,143,4674,34980933139.52864,0.011280511280511288,0.038158497480531385,0.014291891891891902,-0.005796362400135983,0.0051823668328522705,-0.0019819819819819826,0.029720087059536597,0.0006930006930006942
W12_local_only,144,4706,36410422649.96466,0.02715832273192148,0.06327386026874518,0.061806418219461694,-0.019557517581232996,0.0029148959354909007,-0.004773406947319991,0.00425242560792433,-0.0011937403241751056
W12_local_only,145,4603,34924439729.07582,0.0794871794871795,0.041666666666666664,-0.0005656108597285048,0.02562142241041324,0.03849206349206349,0.02310363247863248,0.001335470085470086,0.004898403483309144
W12_local_only,146,4701,35350606078.48663,0.04166666666666667,0.060922690419093296,0.012660619803476943,0.017514468473956747,0.006743048096431555,-0.007086167800453514,-0.014936409346347233,0.019711163153786102
W12_local_only,147,4713,35788057173.41609,0.13317897600920908,0.031243659971596678,0.04238351254480287,0.008163164644372105,0.028279569892473114,0.009487666034155597,0.015961970718668367,0.0011373035566583957
W12_local_only,148,4796,37079754772.90181,0.04752614535223231,0.06314699792960662,0.0016441359152356595,0.011690147957380194,-0.008928571428571428,0.015320910973084884,-0.003689809974786299,0.007293431206474681
W12_local_only,149,4644,34489935105.58635,0.013415178571428571,0.06557491289198605,0.00608724608724609,0.010535279805352796,-0.014534534534534533,0.01267857142857143,0.0227071616047994,0.0015820543093270365
W12_local_only,150,4829,36503376157.56445,0.039610096912328155,0.060160427807486636,-0.003267973856209149,0.03722222222222222,0.0457516339869281,0.0174410343847684,-0.020833333333333332,-0.0027796559236721516
W12_local_only,151,4808,39097295423.30081,0.12210338680926917,0.01776210161692015,0.05551213492389962,0.01764020293432058,0.007067457664884135,-0.01149175579322638,0.01821311453103101,-0.004565781655564937
W12_local_only,152,4584,32860401182.47548,0.06740881628999776,0.03523035230352304,-0.009750206197714155,0.018435818160998513,0.004429074141487684,0.016577743902439025,-0.003787878787878788,-0.01171875
W12_local_only,153,4766,36705974134.238464,-0.016803764636134588,-0.05473355764529951,-0.042590515629942774,0.02798699908526498,-0.009272639691714836,0.0036492088515209936,0.04021867818093182,0.011765414258188823
W12_local_only,154,4727,33618026897.283752,0.07830009496676164,-0.010495436766623206,-0.008547008547008551,-0.026268969126111978,0.02422402159244265,0.02456140350877193,0.01710914454277286,-0.016987179487179482
W12_local_only,155,4701,33735192404.952255,0.08668076109936573,0.04914660682714539,0.023418741853604992,0.03335373317013464,-0.0144800351031154,0.02311149595909616,0.012279774489076817,0.01744186046511628
W12_local_only,156,4885,37608123011.22865,0.07832610640787391,0.024921421524766563,0.012479802300161581,0.019693945442448436,0.04025585193249864,-0.0007810466024472801,0.013998319151171341,0.0033297042279078187
W12_local_only,157,4703,36820807967.98253,0.10498428034659917,0.046551246311602346,0.011887846926210095,-0.0006038647342995196,0.0011510228901533241,0.011278829024026191,0.005619155874910357,0.012181927469445002
W12_local_only,158,4741,34875826175.845314,0.110869624092731,0.003902884079274166,0.027082656266926658,0.024361438065497634,0.006585438042620363,0.008027577088350567,0.021912164060305273,0.008287292817679558
W12_local_only,159,4835,38270298413.97876,0.022361792279718407,0.06950482341738086,0.0011454753722794989,-0.007274987204796378,-0.0003758591065292152,0.013485974586430114,-0.003523424246378703,-0.0029108550636749546
W12_local_only,160,4641,35292433094.51696,0.07784532252617359,0.023508560727661866,0.03992200328407225,0.006744211446046314,0.011099439775910363,-0.02513227513227513,-0.011269070735090155,0.026785714285714284
W12_local_only,161,4735,35332978591.61662,0.0595959595959596,0.011167227833894497,0.019183430948136827,0.0018130018130018168,-0.0113997113997114,0.013043478260869566,0.00817913649772057,0.0029159519725557464
W12_local_only,162,4881,35190727236.845505,-0.01862026862026861,0.053488178488178495,0.013371659204992545,-0.02078299950640376,-0.01231176231176231,0.032805429864253395,-0.013553113553113554,0.005730828311473472
W12_local_only,163,4750,35655148297.00372,0.030687830687830688,0.05477954144620812,0.0260040885040885,0.018937608046518936,-0.0160067772427323,0.02038239538239538,0.020767195767195767,-0.006757187480079047
W12_local_only,164,4684,33296679788.348038,0.04116392614624839,0.024910907633809057,0.04036979398251076,0.029715472248723278,0.00806840077071291,-0.0019073198263949709,-0.006137220407137475,0.0049443462475517105
W12_local_only,165,4833,34582233288.07156,0.06853464787596522,0.0353055357175557,-0.008654260107236508,0.0034436078338372783,0.03166743436204514,0.00022385136269517658,0.0010762788149191842,0.0006688750159255961
W12_local_only,166,4728,35658759896.99951,0.02054488341186421,0.02256944444444444,-0.02073732718894009,0.01441837732160313,0.01228878648233487,0.012145355616012436,-0.005888376856118791,0.002688172043010753
W12_local_only,167,4678,35364177192.93494,0.08946379781420766,0.0371863799283154,0.03522478070175439,-0.005483716475095789,0.00898731203007519,0.02994791666666667,0.04080513784461153,-0.011223591549295774
W12_local_only,168,4810,36308369901.071846,0.065625,0.05483539094650207,0.03300970873786408,0.023148148148148147,-0.0069873997709049215,-0.029142300194931775,0.005952380952380952,0.0030701754385964912
W12_local_only,169,4733,36775685353.70617,0.056439246263807655,0.021767381416504226,0.02839506172839506,0.022716713128899505,-0.0034471701138367797,0.02287581699346405,0.026748971193415638,0.0012345679012345668
W12_local_only,170,4912,38330147555.13571,0.0853070735444331,0.005246212121212124,-0.014903499278499273,-0.004590744400527008,0.000790998217468801,0.011488511488511488,0.0023833633363336357,0.02556818181818182
W12_local_only,171,4756,36240561736.54175,0.07308050059191612,0.035119527262959985,0.019710806697108063,0.0393717930612437,0.012834153477856096,0.00874813508748135,0.009545322063538326,0.016161305217792826
W12_local_only,172,4544,33263091072.000828,0.018559218559218556,0.06286186931348223,0.013323278029160376,0.01605937921727396,0.0032878411910669987,0.002943073697790677,0.011663262990696619,0.012674588284344382
W12_local_only,173,4638,35246308639.83328,0.06534090909090909,0.08555555555555557,-0.0062795508274231665,0.016812865497076022,0.027992554410080184,-0.010859929078014184,0.033600610920198545,0.006944444444444444
W12_local_only,174,4824,36240036597.389595,0.03798657583247925,0.04758107389686337,0.006105006105006104,0.011220760233918131,0.019241652518392757,0.019319131161236423,0.022096380190983787,-0.006376382723877968
W12_local_only,175,4799,37248545328.82053,0.07017396184062852,0.07229820327165459,0.014301897479467578,0.04258804258804259,-0.00494015788133435,0.020005136106831023,0.003754357736658623,0.013636363636363636
W12_local_only,176,4716,34783867737.22664,0.08644295302013422,0.044410181994074614,0.08039384007075595,0.01590998815633636,0.019195052973703094,0.014345637583892616,0.013422818791946308,0.016778523489932886
W12_local_only,177,4752,34823155855.465614,-0.0029249540364365695,0.09659323128848105,0.05704167838159886,0.025764865531704907,0.023769430051813468,0.017706087767734455,0.002758587603147185,-0.0064516129032258064
W12_local_only,178,4770,36095251882.571785,0.028182526833363315,0.06340139361529736,0.05098244748633205,-0.02890411828161685,-0.01203570859238004,0.027400703871292103,0.013530022600940687,-0.01639344262295082
W12_local_only,179,4824,36188268005.367455,0.06922196796338673,0.023207318044274575,0.012603268407405173,-0.00884926200494223,0.023129541671741163,0.019690081321636677,0.008715688238829893,0.014169254658385094
W12_local_only,180,4694,35549803947.47855,0.04737089833243679,0.0672906889750391,0.004774737828812464,0.006796998878446842,0.030483345522239212,0.034003944773175546,0.024377465483234714,0.00958456607495069
W12_local_only,181,4670,34551461689.27726,0.09371135841724076,0.040686274509803916,0.00925063094544749,0.01985294117647059,-0.0010443307757885718,0.01990196078431373,-0.021052631578947368,-0.0045045045045045045
W12_local_only,182,4679,33874037314.46815,0.04211344211344212,0.08052796876326287,0.007741477272727271,0.010705414803775456,0.052515723270440254,0.0007485569985569967,0.013786513786513788,0.00740423098913665
W12_local_only,183,4749,35331624993.306015,0.03798016212473013,0.04216337966269296,0.012683424360071069,0.00931790265622601,0.00010692899914456835,0.007574594400941704,0.01839654025282768,0.013291174660025742
W12_local_only,184,4775,35767880541.41889,0.05234278829784448,0.02238451935081149,0.04647555939690771,-0.003483146067415732,0.029752808988764045,-0.015992782744197492,-0.0015187708278038246,-0.00012004225487371664
W12_local_only,185,4692,34889368511.45406,0.08607982199972189,0.016134751773049648,0.04488442343052272,-0.02511820330969267,0.022061074544619624,0.014605337006990154,0.00816916206987129,0.004763416957764369
W12_local_only,186,4759,34747587884.31151,0.04104166666666668,0.054976851851851846,0.014088983050847454,0.025260416666666667,-0.0001965408805031446,-0.002918388429752068,0.015178571428571427,0.0010593220338983092
W12_local_only,187,4740,36262684797.78373,0.08146545732554908,-0.018674242424242413,0.023945981554677205,0.02896665250637214,-0.0008715473317243219,0.011796110713433547,0.0194485174323884,0.004100470726684319
W12_local_only,188,4757,36220089398.9076,0.054797979797979804,0.03952486272117145,0.04894151798357406,0.008476533628972657,0.025757575757575757,0.018268911745189118,4.509379509379588e-05,0.0026679841897233204
W12_local_only,189,4686,35168926662.8621,0.08642678823401716,0.008228566439671722,-0.0005020080321285134,-0.0406440577123308,0.03313253012048193,0.0096271160591734,0.018287435456110154,0.030120481927710843
W12_net_only,100,4614,35527499546.141594,0.03589792680925552,0.040350877192982464,0.005808188128630112,0.026584978939882938,-0.010264611805757488,-0.007312317192070199,-0.002842890092796223,0.008378361969522189
W12_net_only,101,4709,38563901284.02209,0.05057080398348311,0.05745521094201503,0.007673250864591648,-0.004515416687266197,0.02862510505759628,0.007387229327300432,0.0029329608938547455,0.006456203225466428
W12_net_only,102,4609,35529641423.04525,0.005580357142857137,0.047466016548463344,0.007284118357487927,-0.015568211318795423,0.003247893258426969,-0.014172149122807015,0.00038580246913580245,0.013683712121212123
W12_net_only,103,4739,36062898020.014534,0.04864257189838585,0.05913468553917992,0.01740071522680217,0.015430805753386394,0.035347854245492034,-0.011093073593073592,0.004019789734075449,-0.002053502053502054
W12_net_only,104,4674,34958980607.95864,0.021131917030944657,0.04177778895989534,0.000495221677856407,0.028066508492449065,-0.0012954859511745721,0.018834126618557757,0.01526698668778146,0.00433980523800883
W12_net_only,105,4603,35845641367.63964,0.028800366300366295,-0.006248128182090459,0.06618480725623582,0.004824561403508773,-0.01215022091310751,0.0001384274640088591,0.010307017543859648,0.012702503681885125
W12_net_only,106,4609,34588461081.06359,0.04395604395604395,0.030928282244071716,-0.007692307692307686,-0.010511227902532248,0.01117216117216117,0.027472527472527472,0.00412087912087912,0.01098901098901099
W12_net_only,107,4698,36104639674.88267,0.013030220589902289,0.08066239316239317,0.00862123814977413,-0.0031244815572637266,0.01502269202045154,0.016317940584395778,-0.0011106642921430068,-0.014400248374607348
W12_net_only,108,4702,37105728677.1298,0.0962081852155683,0.00981830887491264,0.05199414008234194,0.021483121550506995,0.009941164536417121,0.009280564503758248,0.020484335508140834,-0.003289235885202052
W12_net_only,109,4575,34439693330.97352,0.025693846595334725,0.033993944398568676,0.005108892392129388,0.028792829019016496,-0.013336946050096343,0.014736708378326874,0.006005138086062941,0.001018442058904486
W12_net_only,110,4715,37623338962.98633,0.08103601600711426,0.031852881637033245,0.05272461978786688,-0.0001553856672260566,0.004828704356407726,0.023446125868675713,0.00013288153611055661,-0.018882466281310212
W12_net_only,111,4735,38801153252.37769,0.05186147186147187,0.06584245660881174,0.016507936507936513,-0.035844155844155845,-0.01834710743801653,0.022608695652173914,-0.005379665379665378,0.002857142857142857
W12_net_only,112,4623,34046897250.82093,0.05485088909767895,0.01906610911987256,-0.0021061966522558442,0.04038914490527394,-0.003618693134822163,0.014248199013449727,-0.00743999131095905,-0.0045045045045045045
W12_net_only,113,4728,38281750239.60204,0.05422991297308238,0.1079126550438026,0.00992334547662417,-0.004137958343232752,-0.0022632737949596256,-0.00469603825136612,0.015677407198040325,0.0205579058699101
W12_net_only,114,4679,36136853900.50217,0.12014705461619887,0.008129726585223984,-0.02998165301830224,0.015500137779002485,0.005169607109859649,-0.026942501042487143,-0.00685247921157992,0.0009620978207365641
W12_net_only,115,4703,35423110139.84742,0.06045971847858639,0.07629870129870131,0.03259361997226075,0.01739482200647249,-0.010171058714748035,0.0022974101921470376,0.00315126050420168,0.0
W12_net_only,116,4648,36100778209.51078,0.0824074074074074,0.03515768243491015,0.016884531590413934,0.004629629629629629,-0.04112200435729847,5.668934240363015e-05,-0.0005319148936170203,0.014493949394939493
W12_net_only,117,4751,37069647141.98582,0.08014414414414416,0.022041006523765148,0.0289914914914915,0.031971506390111044,-0.01294151294151294,0.027421171171171176,0.013988033835362082,-0.005950687529634898
W12_net_only,118,4719,37314553987.52247,0.08582319281471823,0.06442055945983188,0.033905838041431255,0.010482327123313259,0.012603215993046504,0.022598870056497175,0.012603215993046504,0.0022904260192395786
W12_net_only,119,4632,35364461637.532974,0.07478171545968157,0.0927170868347339,0.03080808080808081,0.01628787878787879,0.010743801652892564,0.017371995820271685,0.005059065228556755,0.0012529137529137526
W12_net_only,120,4737,35723880841.45213,0.0876068376068376,0.048845094299639735,0.00723893592746052,-0.002564102564102555,0.0029249357607566556,-0.010155267617954182,0.0059829059829059825,0.00953907203907204
W12_net_only,121,4712,36779499431.02135,0.03939393939393939,0.057670709793351316,0.04807304277643261,0.014496927803379418,0.013975155279503104,0.0038265306122448987,0.0011904761904761897,0.025174748798602008
W12_net_only,122,4671,36548699062.36426,0.07220194647201945,0.07837837837837838,0.011111111111111106,-0.010620915032679739,-0.0019900497512437797,0.0023540489642184526,0.029980842911877394,-0.003875968992248062
W12_net_only,123,4769,37612467342.713745,0.04847488038277513,0.04867641936607454,0.02286831076724694,-0.004693675889328064,0.021647930922124466,0.021971824991487914,-0.00662878787878788,0.012043512043512044
W12_net_only,124,4588,36171893557.41013,0.04535957453025921,0.047831253713606664,-0.018493761140819964,0.030584670231729047,-0.021174047730301293,0.006787942449707162,-0.0019646876667057007,0.0010798025503907845
W12_net_only,125,4730,37279002857.764946,0.0900679117147708,0.06466013824884792,-4.2333418000174705e-05,0.0017566272756307996,0.033444022770398485,0.002249286811498795,-0.009792626728110598,-0.006613756613756613
W12_net_only,126,4759,36671922600.35188,0.08820638820638821,0.014296814296814293,0.05103030303030304,0.009691745036572622,0.007575757575757576,0.009025032938076416,0.011868686868686869,-0.0035313767597232155
W12_net_only,127,4752,38184774138.31654,0.056394936902778574,0.07600879355687049,0.05976996210358354,0.014305343173104626,0.028431742834361496,0.01795789183982386,0.007721683662763861,-0.01379610188543191
W12_net_only,128,4749,36829232769.877914,0.05314814814814814,0.01985115957078574,0.03742690058479532,0.01825396825396825,-0.0009803921568627486,0.00247747747747748,0.014640111809923131,-0.01388888888888889
W12_net_only,129,4696,37991060873.68781,0.10616200996317954,0.024042762569332632,0.040637860082304515,-0.014496820052375608,0.004772814051164566,0.033950617283950615,-0.0075684380032206115,0.03497942386831275
W12_net_only,130,4631,35897213800.30037,0.06342045740135713,0.01428901734104046,0.05025021408691929,-0.011807142537079346,-0.0018102430231835415,0.003199583702516072,0.03468208092485549,0.009467024714396248
W12_net_only,131,4660,36845790475.185585,0.003333333333333334,0.05169590643274853,0.04416666666666667,0.0020289855072463774,0.005161290322580645,0.03833333333333334,-0.0033333333333333322,-0.003971631205673758
W12_net_only,132,4610,33392646627.697823,0.014367704153844155,0.020657494592704627,0.027448838394872915,-0.010919022975574386,0.010974183084735849,0.03226449708861769,0.005353154662199889,-0.0013876572404506182
W12_net_only,133,4567,35245912597.95581,0.08233176991726922,0.0549270200432991,-0.007994186046511628,0.018928762363004545,0.012263044752784835,0.006589147286821705,0.015443313953488372,0.013358250276854926
W12_net_only,134,4515,35142505086.284775,0.027521049815550112,0.11157804712613172,0.029746470757706714,0.012356480628722293,0.030381884607430895,-0.009756411356033966,0.026329324260167746,0.02019435165502581
W12_net_only,135,4632,36831050316.24162,0.05924207673060884,0.013738822652757075,0.0591272312162723,0.0009164222873900285,0.007575757575757576,-0.004161892029539088,0.0014801375095492746,0.014514615178331993
W12_net_only,136,4797,36279100151.774605,0.10341924997097411,0.028514588859416448,0.013592410144134287,-0.009188908370673422,0.00980811247268928,0.013814193820520931,0.005999747379057723,0.002228052640346493
W12_net_only,137,4771,38889543799.50855,0.0265335929892892,0.028998778998779,0.014316239316239321,0.010432378079436908,0.016365007541478127,0.015740035542015737,0.009928080050031268,0.0014597613607514595
W12_net_only,138,4686,36310600587.77784,0.04579677174737298,0.029025542477380095,0.05693990303303642,0.023313242926502588,0.029047379876109156,0.017862159378218934,0.012925135587206649,0.016574585635359115
W12_net_only,139,4716,37203098828.34861,0.039283192090395484,0.05182291666666666,0.03804166666666667,0.018093607305936073,0.01024159663865546,0.028997093023255816,0.005208333333333333,0.025
W12_net_only,140,4656,37535999104.26728,0.023118279569892472,0.03601618226338764,0.026523297491039426,-0.02340777502067825,0.02673301304049417,0.01678071032909742,-0.015117014547754586,-0.006368899917287014
W12_net_only,141,4805,37751532793.51409,0.049301025163094134,0.026265921093507297,0.037446880843107266,0.02853370611991302,0.010896610896610894,0.04054054054054054,0.006510712393065336,0.0023362345396243708
W12_net_only,142,4674,36584289405.23739,0.08182957393483709,0.004887218045112773,0.029874846351547663,0.006140350877192988,0.011765427554901241,-0.01910331384015595,-0.0019410227696901837,0.0
W12_net_only,143,4675,33891936720.150978,0.05298414570230608,0.03144654088050314,0.023112922705314003,8.680555555556219e-05,0.0027179409385113297,-0.0033541666666666685,0.04004520440251572,0.004871224379719524
W12_net_only,144,4628,35237027403.39267,-0.010511951816299638,0.06212175505653767,0.03221288515406163,0.0007609138043920688,-0.01869979296066252,0.04293765815504946,0.00871954132823698,-0.008069443030241319
W12_net_only,145,4563,35652975695.32491,0.08525974025974026,0.0708058608058608,0.0063084702907711745,0.02090225563909775,0.030553410553410553,0.003061224489795917,0.029022556390977446,0.008571428571428572
W12_net_only,146,4634,35630849775.94914,0.05606011981172443,0.04710526315789473,0.031054648114539223,0.006140350877192981,-0.01969720989220038,-0.01394110275689223,-0.008758719086873812,-0.011583724161889873
W12_net_only,147,4704,35382196122.923294,0.05767599660729431,0.023611111111111117,0.024946738774172403,0.005833333333333329,0.02640237324703344,0.01686991869918699,0.019444444444444445,0.0004009163802978239
W12_net_only,148,4645,37432123331.802376,0.02476354656851326,0.023916858890783252,0.0058514135437212345,0.02350162244703188,-0.018965517241379314,0.02221104536489152,0.007329815022122714,0.011834319526627219
W12_net_only,149,4774,36055853576.90277,0.013135946622185146,0.07444178628389155,0.002790627514078839,0.014571389571389572,0.0027272727272727275,0.022727272727272728,0.012372557349192861,0.011363636363636364
W12_net_only,150,4721,37169135031.01307,0.04525005231219921,0.009262908947575879,0.07046096558808423,0.02530842845612822,0.01540533438444357,0.012497859955487073,-0.010129136400322841,0.005649717514124294
W12_net_only,151,4769,40087803389.736374,0.09939849624060151,0.04060606060606061,-0.012192192192192189,0.02578754578754579,0.05453634085213033,0.009361702127659575,0.006378066378066378,0.0009065934065934063
W12_net_only,152,4691,36816275964.889244,-0.004750813368825796,0.0666948079358379,0.0005607315389924081,0.00785024154589372,0.00023375409069658487,0.0072853358267103005,0.006324110671936759,0.027706734867860187
W12_net_only,153,4648,35665145286.46161,0.029119377364465106,0.05639255074283324,0.04635741897115671,-0.00118286096714448,0.008782043891002726,0.011299435028248588,-0.009858757062146893,0.005259045558360381
W12_net_only,154,4579,33874964548.033203,0.05094723117042491,0.022517136936075245,0.0059182209469153535,0.006182249322493227,-0.013167196889360196,-0.020553576322280075,0.023119918699186996,-0.0013799743260590504
W12_net_only,155,4725,36956679174.79787,0.05977233676975946,0.009005062305295956,0.0196969696969697,0.01903409090909091,0.028125,0.011619415807560134,0.005248786407766992,-0.00834364686468647
W12_net_only,156,4723,35163326234.18201,0.08420896243059037,0.019825512888802806,-0.01989961139896373,0.002241929055400556,0.021160988582695217,0.0044983513895430986,-0.009439285897501667,-0.0022279792746113993
W12_net_only,157,4657,36368071471.21052,0.015233587090897276,0.07604593662567508,0.01665036276188147,-0.003871916105958658,-0.010881503797150565,0.008630047763786366,0.013850853170423425,-0.0036503963287442646
W12_net_only,158,4689,35653408145.53094,0.0876736111111111,0.03388936822931646,0.024503747631990775,0.02702997916246555,0.01992726915327534,0.01109673089828396,0.03598563337477552,0.0019109453423585207
W12_net_only,159,4759,39027471196.17307,0.022401433691756276,0.05241935483870968,0.0027868205583505973,-0.006151312602925504,0.04405470299613738,0.013550581522931752,0.010752688172043012,0.01881720430107527
W12_net_only,160,4741,35149435988.33131,0.04654895666131621,0.035262986484285955,0.03630141526631534,-0.011717495987158908,0.0037820371594330625,0.014138576779026217,0.011945594322885866,0.012349428079765159
W12_net_only,161,4568,34133432658.258038,0.006410256410256408,0.012770885028949533,0.03167420814479638,0.028170003512469267,0.023093151574164233,0.007833192448577064,-0.0036713286713286712,-0.009260221760221761
W12_net_only,162,4639,34370985558.97194,0.10021008403361345,0.0215686274509804,-0.007635175282234105,-0.0010096575943810346,0.011195445920303606,-0.00141691713181623,0.0029411764705882353,0.01764705882352941
W12_net_only,163,4635,35365162561.15714,0.0519682320441989,0.05301682429690669,0.025312487755182002,0.03225605450089311,0.0001291784252156281,-0.0034292246142122312,0.002360304916427722,0.0055248618784530384
W12_net_only,164,4682,35614608021.297066,0.07005278927093736,0.02928155688891885,0.0014157621519584676,0.012377300613496931,-0.02023494143892917,0.0015272708446584377,0.0235382496556905,0.01925932151161162
W12_net_only,165,4711,36214689607.05354,0.06270154880319753,0.05202915302125474,-0.001995869978059256,-0.011274901021861253,0.009302890454214235,0.023468675179569035,0.02545503694359344,-0.013043478260869565
W12_net_only,166,4596,37449210449.383,0.07000644329896907,-0.008139534883720927,0.02055921052631579,0.017663043478260868,-0.01086448598130841,0.009375,0.01412037037037037,0.0009308510638297877
W12_net_only,167,4546,38297417834.491714,0.07220556092105931,0.0011536857712088205,0.035537797373013685,-0.0099772794626099,-0.012283527990334275,0.0008553211342076615,0.013572968454397465,0.014190143771295606
W12_net_only,168,4551,37128398977.14391,0.06951754385964912,0.03528265107212476,-0.005263157894736838,0.0046783625730994136,0.02117258959364222,0.008447589562140645,0.015204678362573098,0.014288821226620268
W12_net_only,169,4521,34681233077.6648,0.10161533915555848,0.05894400480387741,0.040534685211664284,-0.003700039164759958,0.019026620937448963,0.020890551043066675,-0.0031442725710241638,0.0
W12_net_only,170,4677,38761633585.51182,0.08126293995859214,0.003904563675608985,0.028252242926155968,0.02020126612517917,-0.043206521739130435,0.0010964912280701754,0.01736999147485081,0.0018230599889928452
W12_net_only,171,4714,35831943127.54511,0.03902030173216614,0.06831501831501832,0.024815348585840388,-8.32500832500839e-05,0.010940494384202996,0.032288698955365625,0.011968651503535226,0.016483516483516484
W12_net_only,172,4646,34121849265.7572,0.03205459398949455,0.03468602630925788,0.00039556962025316666,-0.017540687160940326,-0.0006400227563646693,-0.01052481866021903,-0.002323045560138433,-0.004545454545454545
W12_net_only,173,4565,36104096263.86615,0.1368244915740906,0.055572744014732986,0.0018012342089108596,0.014912237813523688,0.0276607771274365,0.015379017406285273,0.018663735915562682,0.011812680873454353
W12_net_only,174,4610,36770883298.92564,0.05782268860387789,0.045857112661171005,-0.007235126071295492,0.005178609173536252,-0.010028620228038592,0.023432713906473352,0.006671848685062832,0.0030120481927710845
W12_net_only,175,4663,35678886712.16515,0.07055847076461769,0.07424118129614438,0.0006038647342995196,0.02824954710144928,0.021891304347826088,-0.00673824673029339,0.021739130434782608,-0.01694915254237288
W12_net_only,176,4723,38570302674.80707,0.09782312925170068,0.032287581699346396,-0.008118811881188117,0.0196969696969697,0.0384789644012945,0.03666666666666667,0.011403508771929825,0.00706896551724138
W12_net_only,177,4756,35935088589.08643,0.06885026737967914,0.06292335115864528,0.026737967914438505,-0.02511748501053314,0.009863782690823959,-0.0018382352941176475,0.025463044941034817,0.0038476587974435907
W12_net_only,178,4694,37769035080.813705,0.0764515108368929,0.09544120843294936,-0.02342433434445567,0.015028879768961848,0.012491365415611327,0.004133774269255387,0.006166314305849189,0.04638830162085976
W12_net_only,179,4770,35930174278.54495,0.09526946107784431,0.0508680914034001,0.0031345076836618024,0.007444570318821814,0.004829051574270812,-0.011841534322659029,0.0034354368186703538,-0.0060179640718562855
W12_net_only,180,4667,34972498863.27235,0.03480924533556111,0.04311165510675914,0.016506319562346723,0.02562955006564029,0.02518672919923571,0.01061427280939476,0.03251719041192725,3.399972800217574e-05
W12_net_only,181,4731,36524969801.12538,0.0765318677713067,-0.009326874705872804,0.02077963278740532,0.036845663511686305,0.010159537041025866,0.033300745447879754,0.0020691949434464424,-1.4359769669292088e-05
W12_net_only,182,4684,37707153735.914246,0.044594727041066345,0.0417232875333434,0.04602287842511306,0.02486879972913492,0.012010451402422302,-0.0005679702048417123,0.007828677839851021,0.020840762312294463
W12_net_only,183,4699,35357359020.256874,0.06534919280278786,0.010447498238195907,0.0131402593639064,0.023335730839926468,0.01879647207720296,-0.00023490721165139727,0.0058512224209898624,0.005242940199335548
W12_net_only,184,4759,38137826089.251686,0.06267153031092582,0.04982456140350877,-0.0003432494279176218,0.010102843315184514,0.020817669172932332,-0.0016096065406234032,0.010410641989589357,-0.011904761904761904
W12_net_only,185,4667,34473852346.49223,0.07718148367172611,0.0733242929097249,0.022262284085192013,0.021301498127340824,0.017137408514586124,0.0015750660511569849,0.019519970266174913,0.009831460674157303
W12_net_only,186,4684,34838540712.03461,0.03413730293323284,0.004214559386973182,0.0514807486966899,0.01854072963518241,0.0054867388312316336,-0.015705018777739842,0.015525819179962257,0.008620689655172414
W12_net_only,187,4741,37282089937.274574,0.04773640014603871,0.045294385087519894,0.05405257393209201,0.02705650186954715,0.004362906170135083,0.0064780862580757805,-0.011255548509828787,0.013724463069669984
W12_net_only,188,4819,39210419818.14765,0.04743734690032033,0.049792194298331066,0.0008056719303899465,0.028670535282520553,0.040948275862068964,0.005638690088917812,0.002722323049001815,0.008873310597448527
W12_net_only,189,4657,39245630824.633286,0.030630331228536617,0.0041750739843960105,0.06068695036196203,0.017939309220106003,0.012094783610334047,0.021269524759056167,0.0033629270917406515,0.025423728813559324
