regime,seed,total_wd,total_deposited,total_absorbed,pool_residual,diff_k1,diff_k2,diff_k3,diff_k4,diff_k5,diff_k6,diff_k7,diff_k8
OFF,100,4332,0.0,0.0,0.0,0.012821114920396379,0.06434840871021777,0.028262899195430697,-0.011285239758112596,0.024329983249581244,-0.0022448307109317073,0.020100502512562814,0.006373780668046113
OFF,101,4313,0.0,0.0,0.0,0.03729670162638699,0.0480806750560921,-0.00390625,-0.01008750607681089,0.01715686274509804,0.004191531685137824,0.007352941176470588,0.0011140819964349374
OFF,102,4309,0.0,0.0,0.0,0.06979663036078965,-0.0105991368367606,0.0002340823970037459,0.031661469161469155,0.007736013986013986,-0.0034280936454849486,0.006814264167205344,0.004807692307692308
OFF,103,4524,0.0,0.0,0.0,0.05257895604848685,0.0009843144725979538,0.01905709023941068,-0.004007778593413953,-0.009135205647636587,-0.010500779147187986,0.019337016574585635,0.0025411509415107017
OFF,104,4474,0.0,0.0,0.0,0.03794227188081937,0.054076592988422,-0.016409546751405192,-0.013464496801878391,0.018673701634595488,0.00775076752730384,0.004281527612418719,-0.004807692307692308
OFF,105,4371,0.0,0.0,0.0,0.06842088687326783,0.045377241805813234,0.07142857142857142,0.00886159773643971,0.01311350986675662,0.012343647136273863,0.003520829819531118,-0.016581632653061222
OFF,106,4351,0.0,0.0,0.0,0.0518425108589043,0.008246777624827936,0.045415907710989675,-0.008859082629574428,0.020612021857923497,0.011697404371584699,0.0027988804478208708,0.0074648711943793924
OFF,107,4521,0.0,0.0,0.0,0.04457215836526183,0.05555555555555555,0.006073199183435407,0.0031250000000000028,0.015873015873015872,-0.00358187134502924,-0.005995599559955995,-0.015463917525773196
OFF,108,4466,0.0,0.0,0.0,0.008360957642725597,0.03497518494241034,0.009029056680990383,0.029328238756647904,-0.0031981715338068907,-0.0028084714548802948,0.0027624309392265192,0.011049723756906077
OFF,109,4439,0.0,0.0,0.0,0.0353544776119403,0.035061728395061734,0.029195402298850575,0.023952991452991453,-0.000572916666666666,0.012126436781609195,0.0012343358395989976,0.007635933806146572
OFF,110,4441,0.0,0.0,0.0,0.031133273569400863,0.07219679633867276,0.028903162055335968,0.01946169772256729,0.01887782744141948,0.011799843321582452,0.00872859025032938,-0.003911011783827712
OFF,111,4382,0.0,0.0,0.0,0.08331340666347839,0.0393403123961449,0.01143790849673202,-0.009759358288770049,0.0012928248222365893,0.010201377848436673,0.0035118525021949083,0.014705882352941176
OFF,112,4370,0.0,0.0,0.0,0.023998333146745272,-0.008762911653906906,0.0095955766192733,-0.007550900915829828,0.00466410892951177,0.007462376319946786,-0.016431924882629106,-0.008
OFF,113,4452,0.0,0.0,0.0,0.05358291965434823,0.028989816785609947,0.023855488141202426,0.03120248099239696,0.01301171356116411,0.006802721088435373,0.009630102040816328,-0.004604051565377532
OFF,114,4475,0.0,0.0,0.0,0.04083248730964468,0.018873071924274745,0.04479506023183574,0.006503807106598985,0.020649485877912273,0.014143309056131833,-0.001446427596746902,0.006128675539922993
OFF,115,4400,0.0,0.0,0.0,0.10158683800623053,0.016084558823529424,0.012936144986449863,-0.005843495934959352,0.006748023114355229,0.009083825459317586,0.007625,0.005208333333333333
OFF,116,4443,0.0,0.0,0.0,0.07303465055793272,0.048791629826112584,-0.006959410919540228,0.024397832930668426,0.002391421738795032,0.009344921035417248,0.005747126436781609,0.00494421906693712
OFF,117,4492,0.0,0.0,0.0,0.0429774925045395,0.04371186288585787,0.03790993535168957,-0.014869429112777,0.010689411972141408,0.005993736799941737,0.01138885309739581,0.0010251256281407035
OFF,118,4317,0.0,0.0,0.0,0.04404829277494812,0.031584215794742104,0.013609273639472085,-0.006433554041209544,0.006145306769749231,0.01687007373506229,-0.01565742312771175,0.005847953216374269
OFF,119,4257,0.0,0.0,0.0,0.055164709797024286,0.04573687629731742,0.025173526248900183,0.030713874496257912,-0.007705250787885262,0.0016670421266050915,-0.005522016764114021,0.0
OFF,120,4314,0.0,0.0,0.0,0.022567176413330253,0.058063652080746084,-0.001187914649453111,0.04149482995636841,0.0011960216542867934,-0.003355704697986577,0.03254437869822485,0.005917159763313609
OFF,121,4351,0.0,0.0,0.0,-0.007831839521980369,0.04499217527386541,0.06117157490396927,0.017029449423815624,0.004362431901349616,0.0010514475743348978,0.009811002768749248,0.000694019187589304
OFF,122,4330,0.0,0.0,0.0,0.028414630932616543,0.05888278388278389,-0.007142857142857145,0.011396011396011398,-0.0002586472052120911,0.002720318896789484,-0.003036437246963562,-0.003676470588235294
OFF,123,4391,0.0,0.0,0.0,0.06675238401371478,0.051104924906347736,0.012055197762164967,0.009778544722461893,0.000205907974974261,0.006960707780379912,-0.00200736032117765,0.00546448087431694
OFF,124,4406,0.0,0.0,0.0,0.04885581456474956,0.06594917349993491,0.03962908981253456,0.011039377063722836,0.006895093062605754,0.0045617597292724205,-0.0029918474080910615,0.005076142131979695
OFF,125,4575,0.0,0.0,0.0,0.05299119344063165,-0.0006624271330153697,-0.0032005689900426668,-0.008083976833976832,0.0049797503925944325,0.003982930298719774,0.0021696007934540046,-0.014150943396226415
OFF,126,4490,0.0,0.0,0.0,0.06898305084745762,0.03886363636363635,0.027551622418879054,-0.0027702702702702697,0.01172566371681416,0.005726495726495726,0.0019354838709677424,0.005
OFF,127,4484,0.0,0.0,0.0,0.04910656270305395,0.010510071474983756,0.01666666666666667,0.009681611435997398,0.005502392344497609,-0.0032351521004345737,-0.004132231404958678,-0.015
OFF,128,4328,0.0,0.0,0.0,0.04114187002536517,0.026040992448759438,-0.004736924522392744,-0.020915737744216706,-0.004706230912986005,-0.004494129875038387,-0.002885464050512593,0.00834420132347969
OFF,129,4418,0.0,0.0,0.0,0.008622084896637967,0.08135927805978567,0.031089393867514272,0.0036118703631393967,0.01514992935266105,-0.0033984341392067456,0.0038407978078253448,0.0005306875865251498
OFF,130,4439,0.0,0.0,0.0,0.043094160741219564,0.02125602101882937,0.014866602378656377,0.04991267762165595,-0.000802030213794918,-0.014753720087346073,0.009337372497890944,0.006787330316742082
OFF,131,4428,0.0,0.0,0.0,0.02319376026272578,-0.010108233133817111,0.02816548075168765,0.03931132029459103,0.017580331721426312,-0.0034072249589490967,0.0007613076578593825,0.008041766662456318
OFF,132,4307,0.0,0.0,0.0,0.03860839427849737,0.045029835637603564,0.005552136226086066,-0.0021771146827175535,-0.011397872240267382,0.001834702079329023,-0.0037752286917380577,-0.0031909671084928808
OFF,133,4405,0.0,0.0,0.0,0.014046095800524933,-0.010184204331450099,0.03349424119241192,0.02734375,-0.0036458333333333325,0.03132891414141414,0.013020833333333334,0.010739087301587302
OFF,134,4254,0.0,0.0,0.0,0.08952921270030854,0.03498081339134639,0.02005845254576219,0.018260011280315847,0.018976232269082974,-0.007062146892655366,0.0006901772196989935,-7.849704327803683e-05
OFF,135,4305,0.0,0.0,0.0,0.04007059067787812,0.07067718606180144,-0.014140739326843538,0.017154334726670648,-0.0005303114882215035,0.014409379793995179,-0.007240734973528495,0.0
OFF,136,4455,0.0,0.0,0.0,0.0467650531286895,0.0333075933075933,0.022892416225749564,0.014960317460317459,0.0010582010582010585,-0.0017932217932217923,0.0014407814407814403,0.005714285714285714
OFF,137,4609,0.0,0.0,0.0,0.08075341891098246,0.024025581194365223,0.0364569623585154,0.0052558615305930215,-0.005053308355882422,0.0071742652163850965,-0.0014259787399533309,-0.002166090207176047
OFF,138,4441,0.0,0.0,0.0,0.02142338416848221,0.0066964285714285685,0.01481038151694786,0.015941500567169017,-0.0029034690799396683,0.005060088551549656,0.00377486761127809,-0.008753501400560224
OFF,139,4397,0.0,0.0,0.0,0.049530516431924895,0.046284007962840074,0.027380952380952384,0.013462873004857736,0.007209680699613582,0.014795918367346941,0.00179163901791639,-0.0019696969696969685
OFF,140,4412,0.0,0.0,0.0,0.09178961683824344,-0.0036248861121957604,0.027010664555488284,-0.0026428881601605198,0.0024203634223497385,-0.005943141614576777,0.010998307952622672,-0.005932203389830508
OFF,141,4383,0.0,0.0,0.0,0.02185859949017844,0.044736842105263165,-0.004123447304392368,0.004089360090874669,-0.005241409308394954,0.0007612005219660711,0.010526315789473684,0.0
OFF,142,4523,0.0,0.0,0.0,0.0824476650563607,0.03449074074074074,0.022111111111111113,0.024665831244778613,0.008333333333333333,-0.007156308851224106,0.008444444444444445,0.005555555555555556
OFF,143,4378,0.0,0.0,0.0,0.07281700471998981,0.056186012088318735,0.015888300433317293,-0.016728855721393036,0.010827012478590654,0.002789789370902497,-0.020061728395061727,0.0016747943451061527
OFF,144,4410,0.0,0.0,0.0,0.053205049134492824,0.022457739314631332,0.020914928901591336,0.00607104338447622,-0.010550694801852804,-0.007935673743956274,0.011194029850746268,-0.003875968992248062
OFF,145,4452,0.0,0.0,0.0,0.04110223781269048,0.0922396226847082,0.014128642428016282,0.001873737676725256,0.010928535794462459,-0.014814814814814815,-0.008921865692901354,0.004739336492890996
OFF,146,4454,0.0,0.0,0.0,0.09187758264462811,0.004464285714285719,0.034527101769911514,0.006399386304909559,-0.007630813953488372,0.004617471988795519,-0.0040650406504065045,0.0
OFF,147,4366,0.0,0.0,0.0,0.031196544888133663,0.06629523124850228,0.05810095484132411,0.00953378450961435,0.001966650978282792,-0.0025144637294169997,0.0009216925525000561,-0.008439847901777531
OFF,148,4438,0.0,0.0,0.0,0.07752387678235134,0.06319960219217502,0.03796085968897432,0.03321925249891352,0.0020968023763760276,0.032516580692704494,0.008506316257220847,0.007863525263453141
OFF,149,4481,0.0,0.0,0.0,0.06408202816010125,0.03446726043212929,-0.009542266519010703,0.022762508809020435,-0.003537405435696273,-0.01230710715061943,-0.0058527131782945725,0.001006261180679785
OFF,150,4466,0.0,0.0,0.0,0.05357502923740775,0.04878733963854294,0.012937004398581493,0.01346443611636982,0.014662733714143023,0.0030497237569060767,-0.009152296445114123,-0.000578183219838109
OFF,151,4530,0.0,0.0,0.0,0.07147452033338927,0.054176282289883124,0.02522112211221122,0.007438634488448847,0.01485148514851485,-0.012948375129483752,0.006499629554792214,-0.002976190476190476
OFF,152,4414,0.0,0.0,0.0,0.07080200501253134,0.05304984315092367,0.03726163234172387,0.0021004893185344355,0.02649638802889577,0.018240807498197547,-0.002610857853294654,0.002980052871905792
OFF,153,4467,0.0,0.0,0.0,0.04484932061829966,0.013029509757258452,0.008990900024931438,0.01443584490477275,0.0005552911312073621,0.011202301778218009,0.01982886614050168,0.002617801047120419
OFF,154,4459,0.0,0.0,0.0,0.016468253968253965,0.025993601574996916,0.021730914588057443,0.0051203277009728605,0.013310185185185185,-5.628729032984385e-05,0.0029860128870029855,0.0
OFF,155,4347,0.0,0.0,0.0,0.07332549941245595,0.013776276276276284,0.025571725571725573,0.04360807088079815,0.015111204954954957,0.010874031926663507,-0.003968253968253968,0.004043067457701604
OFF,156,4342,0.0,0.0,0.0,0.027898550724637684,0.0007435647847718052,0.0195232962031381,0.017265041721563464,-0.0003531073446327686,0.0,0.012611482720178374,0.005434782608695652
OFF,157,4387,0.0,0.0,0.0,0.0343358395989975,0.04976551226551226,-0.0081608005521049,-0.02207792207792207,-0.005555555555555555,-0.009619047619047619,-0.005952380952380952,0.0019480519480519487
OFF,158,4381,0.0,0.0,0.0,0.08243044408774747,0.022115213126449082,0.011893028451278008,0.02210651319996346,-0.014957264957264958,-0.006530298665130127,0.005274432139681512,-0.0030303030303030303
OFF,159,4445,0.0,0.0,0.0,0.10313521028849496,0.03847304210940575,0.030284292821606256,0.004523809523809531,0.01989010989010989,0.006923076923076922,-0.0009307359307359308,0.005714285714285714
OFF,160,4382,0.0,0.0,0.0,0.05326424870466321,0.032037996545768554,0.011598702685599017,-0.007335954629527554,0.001759580297894997,-0.007181165348604671,-0.02097902097902098,-0.009962508951514385
OFF,161,4296,0.0,0.0,0.0,0.023948004068141363,0.07321984668822613,0.05277696174435305,0.0014262924507895316,0.005434782608695652,0.016304347826086956,0.006737333812432626,0.010869565217391304
OFF,162,4463,0.0,0.0,0.0,0.0653912050256996,0.011829790956004546,0.027928802588996767,-0.00979390223130642,0.002660567587752051,0.006307937030332951,-0.009385113268608414,0.019417475728155338
OFF,163,4479,0.0,0.0,0.0,0.038267713158346206,0.055955235811350916,-0.006877377816798362,-0.017403141771457672,0.0029898584003061612,0.005194615159496634,-0.010041257128989203,0.006218905472636815
OFF,164,4390,0.0,0.0,0.0,0.05055824125230202,0.02372651039711063,0.052851336762557946,0.026374103520040725,0.02512358243675487,-0.009475138121546961,-0.003887383161332917,-0.005132305902878744
OFF,165,4538,0.0,0.0,0.0,-0.001509661835748799,0.02405719183419043,0.015611679454390452,0.0067891649413388535,0.009755538897218058,0.005187747035573122,0.008732587589700296,0.0
OFF,166,4534,0.0,0.0,0.0,0.03764592647789369,-0.026201485217878663,0.011247723132969036,-0.027542820406851267,0.017547578669681554,0.009236423424730402,0.0025500910746812395,0.00819672131147541
OFF,167,4409,0.0,0.0,0.0,0.08570062171209947,0.06512503552145496,0.02541478129713424,0.008225324027916252,0.03235294117647059,-0.006913455037187287,0.003828197945845005,-0.0026646556058320774
OFF,168,4301,0.0,0.0,0.0,0.05843912368096845,0.022108843537414963,0.014216427311665399,-0.018415178571428572,0.0012380952380952395,0.0072060875632304205,-0.0007369614512471642,-0.007462686567164179
OFF,169,4375,0.0,0.0,0.0,0.032897603485838776,0.036928104575163406,0.011300309597523223,-0.0027777777777777714,0.020778867102396518,-0.0033769063180827882,0.0,0.0
OFF,170,4458,0.0,0.0,0.0,0.07252326217843459,0.03884099616858238,0.010717614165890028,-0.003482293121352096,-0.014008620689655173,0.023973727422003283,0.005747126436781609,-0.0016309412861137
OFF,171,4420,0.0,0.0,0.0,0.09321785772843322,0.05626019878356327,0.0073782587309394985,-0.00019332317005810867,0.019916210119239445,0.0012157130917103548,-0.0024821625967239476,-0.0033783783783783786
OFF,172,4464,0.0,0.0,0.0,0.0161319073083779,0.021673580222233334,0.012576747870865511,0.004812834224598935,-0.005110467873554764,0.0028702962931772564,0.010948494230227975,-0.0035019639392361935
OFF,173,4382,0.0,0.0,0.0,0.06752497056701226,0.007977354606278957,0.007886101407854347,0.013457303645705895,-0.007462686567164178,0.02020941046401977,-0.0005804311774461023,0.0046253109452736325
OFF,174,4485,0.0,0.0,0.0,0.052498946481247366,0.062183612183612194,0.03902798232695139,0.017187780772686432,0.002771577380952378,0.023984272608125818,-0.008849557522123894,-0.005763546798029557
OFF,175,4419,0.0,0.0,0.0,0.07016129032258064,0.05919312169312169,0.011332528180354268,0.011904761904761904,0.003595534787123572,0.005555555555555553,0.014636752136752137,0.013888888888888888
OFF,176,4574,0.0,0.0,0.0,0.019844301356906402,0.051456079260456825,0.04968805704099822,0.034085645711398375,0.013666072489601899,-0.0037433155080213902,0.002842668167745567,0.010666436662641597
OFF,177,4374,0.0,0.0,0.0,0.09690476190476188,0.008553459119496856,0.021190476190476197,-0.0016430388949472928,-0.02147914032869785,-0.007560050568900126,-0.0033026113671274964,0.0015820543093270365
OFF,178,4615,0.0,0.0,0.0,0.046348707197763794,0.04791666666666666,0.01746031746031746,0.013285024154589372,0.026851851851851856,0.011695906432748539,0.005555555555555556,-0.00510204081632653
OFF,179,4467,0.0,0.0,0.0,0.04023364996178622,0.02961658841940533,0.010253521126760562,0.0299906103286385,0.003094323516858729,-0.005658953722334003,-0.012461059190031152,0.007674250631997111
OFF,180,4420,0.0,0.0,0.0,0.042770243318707615,0.039145123384253806,0.020049941245593422,0.020980788675429726,0.008695652173913044,0.012456521739130436,0.01367461430575035,0.013380371217899822
OFF,181,4410,0.0,0.0,0.0,0.10046957087730715,0.02593544868423614,0.009761275956708611,0.002500748087034585,0.021190592846643798,0.001534371710467627,-0.0009298433214003435,0.005822796843806445
OFF,182,4410,0.0,0.0,0.0,-0.007507844016136286,0.022414870353014676,-0.022489877853764752,0.003659157439226169,0.004022545524617014,-0.00411379857256146,0.007451815329448677,0.0002283700900430636
OFF,183,4460,0.0,0.0,0.0,-0.01783551192348718,0.05085441998028261,0.009984547723760846,0.03158774082389182,0.03590101704626844,0.0018098884773920885,0.008379888268156424,0.005359230869169807
OFF,184,4442,0.0,0.0,0.0,0.05174180327868853,0.08140785680478466,0.03823302893607658,0.03034530868503662,-0.001616575591985428,0.008010854615070074,-0.009134059271668462,-0.0010271580590821314
OFF,185,4351,0.0,0.0,0.0,0.05472208558780128,0.04103598412088616,0.012533452274754688,0.024548311076197954,0.02148468185388845,0.0005461767626613705,-0.026479750778816195,0.0
OFF,186,4441,0.0,0.0,0.0,0.02693602693602693,0.008597883597883597,0.005092592592592593,-0.0007936507936507943,0.01455026455026455,0.011807610677667174,0.0011926446352675856,0.015873015873015872
OFF,187,4426,0.0,0.0,0.0,0.03523190621814473,0.0004901960784313708,0.026881720430107524,-0.004999400371769491,-0.011877828054298644,-0.029541905257678292,-0.012121212121212121,0.0004771820232517786
OFF,188,4335,0.0,0.0,0.0,0.0006062517521727012,0.04950339451848128,0.003704432205612382,0.032226738934056004,0.018676781256001536,0.01094562175129948,-0.004032258064516129,0.01524390243902439
OFF,189,4427,0.0,0.0,0.0,0.02756527471980695,0.05723213455998514,0.014511921819317389,-0.0024503868728451006,0.0015901721127463235,0.014184157075152339,0.0008023286188752476,0.006100294607403613
ON_no_pool,100,4812,0.0,0.0,0.0,0.07678479712378018,0.009117860938636237,0.03865596193874517,0.013250743085335692,0.01665179898899792,-0.009129116714895955,-0.006860371267150927,0.010328990353203428
ON_no_pool,101,4749,0.0,0.0,0.0,0.03572093889716841,0.07133838383838384,-0.016289470333587977,-0.009469696969696975,0.023607788410419987,-0.006249999999999995,0.011363636363636364,0.014975334742776604
ON_no_pool,102,4749,0.0,0.0,0.0,0.08173902379200391,0.007781456953642393,-0.005454592124852414,0.008002207505518763,0.02187662772527718,0.0017952605122476678,0.008373296795310955,-0.006578947368421052
ON_no_pool,103,4887,0.0,0.0,0.0,0.0285586791610888,0.035172372658952636,-0.01555660845629709,0.03440685820203892,-0.028915662650602414,0.008313253012048192,-0.00900443880786303,0.011384669111227519
ON_no_pool,104,4745,0.0,0.0,0.0,0.07325219244324237,0.049553353601321175,0.0473055010740637,0.024513897172849818,0.005281287752636567,0.004678909814013338,-0.0064703257474341795,0.008623535236837763
ON_no_pool,105,4867,0.0,0.0,0.0,-0.0016374269005847847,0.024152046783625744,0.027881944444444445,0.028333333333333335,0.039381443298969074,0.018888888888888886,0.02,0.0015120274914089352
ON_no_pool,106,4676,0.0,0.0,0.0,-0.009294871794871803,0.08598456559621608,0.04801151229722659,-0.016415049125329498,-0.006619570905285185,-0.0015906932573599222,0.005256410256410256,0.01593228777694797
ON_no_pool,107,4768,0.0,0.0,0.0,0.013002000307739653,0.006952417400178587,-0.0004111673039759803,0.02236604587681064,0.018794914317302375,0.01765444621552432,0.017655624317437203,0.009799487411427709
ON_no_pool,108,4679,0.0,0.0,0.0,0.06078431372549019,0.04300653594771242,0.003730272596843623,0.04912854030501089,-0.02544055596922313,0.002024035420619859,0.010980392156862744,0.01764705882352941
ON_no_pool,109,4760,0.0,0.0,0.0,0.0667563820243047,0.03016002047298621,0.026139372429722273,-0.011195521791283485,0.0114690557885373,0.03239375712544719,0.018699553817616683,-0.0051175297076936415
ON_no_pool,110,4733,0.0,0.0,0.0,0.059431889516635285,0.06957353745215965,0.027761542957334892,0.009578036723163841,0.005370028528276567,0.019531614178366987,0.00847457627118644,0.0018654727640976445
ON_no_pool,111,4782,0.0,0.0,0.0,0.09505135387488327,0.016712454212454216,-0.006837046745303617,0.05886154011154011,0.016033026113671273,0.0010980120203421175,0.03551996399934544,-0.005894590846047158
ON_no_pool,112,4786,0.0,0.0,0.0,0.06185368536853685,-0.011891643709825518,0.012542087542087542,0.04678649237472768,0.01651376146788991,0.03289473684210526,0.013008800880088007,0.004797979797979798
ON_no_pool,113,4638,0.0,0.0,0.0,0.05968743159145636,0.0007652590816891111,0.011009321761491483,-0.011301933360756893,0.03017570664629488,0.021066277750769732,-0.004774637127578304,-0.0104912535121907
ON_no_pool,114,4854,0.0,0.0,0.0,0.09550972648822584,0.05504972941348545,0.014982110912343471,0.03235823719709455,-0.004297269969666329,-0.005655750672361966,0.001823985408116735,0.0436046511627907
ON_no_pool,115,4879,0.0,0.0,0.0,0.05751452039729182,0.04508203822097475,0.02894931557528672,0.04736947189777378,0.008884411064297493,0.03013626834381551,0.01432246998284734,-0.00933569182389937
ON_no_pool,116,4669,0.0,0.0,0.0,0.042171580153131966,0.052689479474263216,0.01973001038421599,0.0008055853920515554,0.018208399787347153,0.002506265664160401,-0.0011246063877642827,-0.015783506385010145
ON_no_pool,117,4557,0.0,0.0,0.0,0.033933244457611214,0.04734607218683653,0.03126367481888462,0.03231036479444123,-0.0023134238673236385,0.015618942121296041,0.021204202732865156,0.0194041279454248
ON_no_pool,118,4797,0.0,0.0,0.0,0.11672730422730423,0.011545240893066994,-0.002399595857539783,0.045821306743636846,0.030275109820564368,0.03857203660353267,0.006756756756756757,0.013513513513513514
ON_no_pool,119,4710,0.0,0.0,0.0,0.11577703903489514,0.05422112327799364,0.030950782997762858,0.038668783526977946,0.0037407855649686413,-0.003184495274619916,0.0022866306349112074,-0.01111111111111111
ON_no_pool,120,4781,0.0,0.0,0.0,0.040334399147348786,0.09090909090909091,0.056174386583743297,-0.007171387073347857,0.007523148148148147,0.0014558583740973676,-0.0037782034908471693,0.012345679012345678
ON_no_pool,121,4723,0.0,0.0,0.0,0.021831215379602475,0.028746770025839793,-0.005435517684452558,0.002203816719945753,0.007967645064419257,0.007120023249055507,-0.0036313903037162795,-0.0012296957218027905
ON_no_pool,122,4750,0.0,0.0,0.0,0.06603477167993296,0.09624439887597781,0.0553269885330954,0.010376878023936845,0.005887445887445889,0.006132756132756136,0.0009665906612471489,-0.005194805194805193
ON_no_pool,123,4797,0.0,0.0,0.0,0.08058208420298103,0.002787281736668236,0.020157756354075372,0.031610975440268425,-0.006309869766440636,0.003793126195659347,0.022494887525562373,0.013670312083222193
ON_no_pool,124,4799,0.0,0.0,0.0,0.07664067576348278,-0.004576415495955735,0.029741863075196405,-0.006558641975308643,0.03639530619728639,0.029681069958847738,0.00992063492063492,0.003533726963678655
ON_no_pool,125,4757,0.0,0.0,0.0,0.09396539840088226,0.06021505376344086,0.013926573543697446,0.010294240226723348,0.019611968209443668,0.00811774725859683,-0.005493221131369798,0.0009487666034155608
ON_no_pool,126,4686,0.0,0.0,0.0,0.12364817721960578,0.06646896716990175,0.006896551724137931,0.02011931962427012,-0.007921694318753145,0.01009506366649224,0.0034470246734397674,-0.014702422959303695
ON_no_pool,127,4974,0.0,0.0,0.0,0.14519526818992057,0.0018397684344797077,0.04084835865158615,0.036974285663860504,-0.005195140257059756,-0.006775011140819964,0.006889242183359831,0.003222267928150283
ON_no_pool,128,4804,0.0,0.0,0.0,0.08634259259259258,0.07401901294498384,0.06572640117994101,0.00845797720797721,0.025104166666666664,0.0028603142076502747,0.029658018867924532,-0.005885922330097087
ON_no_pool,129,4714,0.0,0.0,0.0,0.05385830476574576,0.049252055258920235,0.045313235195267865,0.009001261323242749,0.043859649122807015,-0.005820368531391371,0.0018575851393188847,0.020906432748538012
ON_no_pool,130,4594,0.0,0.0,0.0,0.05549682875264271,0.03977272727272727,0.05361952861952862,0.0032051282051282007,-0.007652023591620906,0.03417529252925293,-0.0009931633407243151,0.0061237373737373785
ON_no_pool,131,4695,0.0,0.0,0.0,0.06435185185185185,-0.008534136546184748,-0.0038711344839985617,-0.014835858585858577,0.0028349156118143495,0.015732388316151202,0.021023592085235923,-0.004196217494089834
ON_no_pool,132,4683,0.0,0.0,0.0,0.031225280809998396,0.0434593023255814,0.0004983388704318942,0.03138774889800881,-0.002785852713178296,0.008317898058585443,0.005642954856361151,0.013017081704054332
ON_no_pool,133,4665,0.0,0.0,0.0,0.042906976744186046,0.01691331923890064,0.01937005716075483,0.02707305614282359,-0.0029978197674418606,0.0070745009261164865,0.012937355960611775,-0.0078125
ON_no_pool,134,4556,0.0,0.0,0.0,0.08054990914410669,0.056889813949536995,0.0184268530763902,0.012058879938626773,-0.006814801323498163,0.040515918680475646,0.018616442085204844,0.007626063498651173
ON_no_pool,135,4786,0.0,0.0,0.0,0.054334554334554336,0.003028467595396732,0.052326579670329665,0.028972800249395993,0.005494505494505496,0.029634717134717135,0.018606393606393604,0.00331959706959707
ON_no_pool,136,4763,0.0,0.0,0.0,0.046827126567484764,0.030587668593448948,0.01132243561853856,-0.008920560678933355,0.014408980480857838,0.004413904290039714,0.014615549297630225,0.0014700019932230414
ON_no_pool,137,4820,0.0,0.0,0.0,0.08579124579124581,-0.0036286919831223577,-0.0052503052503052525,0.03444444444444444,-0.010759493670886074,0.011048689138576779,0.017715355805243447,0.016666666666666666
ON_no_pool,138,4787,0.0,0.0,0.0,0.08391397849462365,0.061657819518170676,0.01136044880785414,0.015735641227380012,0.030766889835666465,-0.009222924287772973,0.01935483870967742,0.003550241008527997
ON_no_pool,139,4758,0.0,0.0,0.0,0.0874348785871965,0.008354795192543542,0.029182842353657618,-0.028676139651514176,0.02898096772268957,0.010796708809953842,0.031114409682575932,-0.01650943396226415
ON_no_pool,140,4799,0.0,0.0,0.0,0.07035460992907802,0.04489361702127661,0.011954375959640273,0.007672469374597032,0.004799770757217568,0.01773049645390071,-0.0016050765210899598,0.01773049645390071
ON_no_pool,141,4835,0.0,0.0,0.0,0.0905952380952381,0.06083333333333334,0.017916666666666668,0.04157894736842105,0.0016789396170839473,-0.008571428571428572,0.01473684210526316,0.019307359307359308
ON_no_pool,142,4682,0.0,0.0,0.0,0.05301455301455302,0.04650634886855361,-0.01488631488631488,0.004246106571687974,0.011745707972123069,0.004756756756756755,0.016350561087403195,-0.0011050112612612604
ON_no_pool,143,4720,0.0,0.0,0.0,0.011032308904649332,0.10199960598896768,0.013184397163120566,0.0018109353215736215,-0.00783800517843071,-0.008781899739346547,0.002916538184808304,0.003410866690708019
ON_no_pool,144,4755,0.0,0.0,0.0,0.034574468085106384,0.04920212765957446,0.03875604092135819,0.00849891565558877,0.023367885070012726,-0.003723404255319151,-0.0047474647047126665,0.00011599390203486867
ON_no_pool,145,4700,0.0,0.0,0.0,0.05287878787878788,0.06262037750385208,0.0003787878787878812,-0.003422381711855396,0.024189918991899186,0.015422077922077922,0.014939110733503258,-0.007954545454545457
ON_no_pool,146,4764,0.0,0.0,0.0,0.057678407470354964,0.013278145695364257,-0.007285780829130964,0.02598836042544652,0.025047662050973307,0.009160116358234821,-0.003271483403933734,-0.0015391781598720032
ON_no_pool,147,4813,0.0,0.0,0.0,0.0707608695652174,0.05789186717320952,0.046509908311150545,0.010780761579994323,0.0,0.01281055900621118,0.035326086956521736,-0.00020903010033444802
ON_no_pool,148,4897,0.0,0.0,0.0,0.05544430538172714,0.030952380952380953,0.008169934640522881,0.02493492972410203,-0.005717427157778999,0.00269607843137255,-0.010407239819004526,0.023529411764705882
ON_no_pool,149,4736,0.0,0.0,0.0,0.05351280953400415,0.06334296724470134,0.02943597827990892,0.019457060280759702,0.000541907514450865,0.032764562027567806,0.018627035053295854,0.005522295623451693
ON_no_pool,150,4913,0.0,0.0,0.0,0.060162717670568085,-0.00027635413526277963,0.026596611274030624,-0.004561746497230368,-0.0030626437703953416,0.049524400330851946,0.02416744962939764,-0.00676115998696644
ON_no_pool,151,4780,0.0,0.0,0.0,0.08685770750988142,0.03330067920585161,0.0029708853238265068,-0.000443625443625445,0.03995840760546643,0.028771760154738875,0.006330529706513958,0.00417490118577075
ON_no_pool,152,4655,0.0,0.0,0.0,0.08536427944441574,0.04920580110497237,0.013230590287874384,0.016783508983703982,-0.011657149047464292,0.0028461409676879303,0.015276681575024115,-0.00596939099511018
ON_no_pool,153,4767,0.0,0.0,0.0,0.06466835389644628,0.025049344014861252,0.04411656351311524,0.030260536398467437,0.010673234811165846,-0.012034134447927551,0.015772669220945085,0.013708309779536462
ON_no_pool,154,4772,0.0,0.0,0.0,0.04884965222043873,0.02123595505617977,-0.008974630768143595,0.01879740660309067,0.032649736609725644,-0.005080739239884568,-0.006834405710810202,-0.002204905158873987
ON_no_pool,155,4656,0.0,0.0,0.0,0.04238651761517616,0.07436633189861311,0.006013649586037145,-0.00369650674528723,-0.01651701956580005,0.03255629901431758,0.00963967163943484,0.009520753102267864
ON_no_pool,156,4851,0.0,0.0,0.0,0.08306056403143783,0.05006802721088437,-0.018858784893267644,0.008910411622276026,0.030634920634920633,0.017584204413472707,0.015454545454545455,0.0007902735562310033
ON_no_pool,157,4687,0.0,0.0,0.0,0.02913776689786482,0.09703191474224897,0.030732212475633527,0.01191831181234219,0.005869296111324539,-0.01143599740090968,-0.004943413690100552,0.011695906432748537
ON_no_pool,158,4791,0.0,0.0,0.0,0.07603839939169281,0.04368186703516047,0.04121427474720889,0.026876939190925077,0.0038079181442939383,0.032924890958823096,0.021390552228875582,-0.009475893573677388
ON_no_pool,159,4856,0.0,0.0,0.0,0.0007627118644067954,0.07545000656943897,0.03625789298770356,0.018582989769430448,0.0170443725004761,0.030976037405026302,-0.001982833550630161,0.01298348544111256
ON_no_pool,160,4739,0.0,0.0,0.0,0.03116075071399428,0.01429854414823218,0.004527258863896315,0.004356979532652953,-0.010575380914194066,0.02595514950166113,-0.0038841117842485836,-0.0050387596899224806
ON_no_pool,161,4768,0.0,0.0,0.0,0.03498727735368957,0.04836309523809524,0.009325396825396834,0.04211630695443645,0.01544249775381851,-0.00467687074829932,-0.004355400696864114,0.010416666666666666
ON_no_pool,162,4778,0.0,0.0,0.0,0.07838765008576329,0.006406166932482728,0.033195592286501374,0.04999999999999999,-0.01295253419147224,-0.009217171717171718,-0.004545454545454547,0.0025058275058275053
ON_no_pool,163,4895,0.0,0.0,0.0,0.0424350821409645,0.07040006107802718,0.04982373678025854,0.01682380054473078,-0.010224787894690807,0.0020137784843667246,0.006906906906906908,-0.0012859633827375754
ON_no_pool,164,4541,0.0,0.0,0.0,0.082061440540365,0.009988844944731762,0.02660273252758802,-0.015225552708420236,-0.00816916361920491,-0.004330189635939556,0.020965226167538306,-0.010309278350515464
ON_no_pool,165,4744,0.0,0.0,0.0,0.0442481726418378,0.015823415996276846,-0.01202960532739665,0.04286653517422748,0.008011435409879662,-0.004143741997993007,0.012543145956607497,0.00029918223522372184
ON_no_pool,166,4744,0.0,0.0,0.0,0.07651515151515151,0.034647681635633455,0.007647907647907647,-0.016550116550116546,0.02575757575757576,0.030303030303030304,0.023436492585428754,-0.007296263606943217
ON_no_pool,167,4715,0.0,0.0,0.0,0.048403498067927604,0.053258070905129726,0.06407494325395298,-0.009355413719740094,-0.00363314517726282,0.02145627777359343,0.027606951871657754,0.012283382252422502
ON_no_pool,168,4670,0.0,0.0,0.0,0.07999569336778639,0.04007067943456451,0.03435994133668552,0.001089044384990058,0.016085271317829455,0.021424507503022546,0.026713586291309672,-0.008471760797342192
ON_no_pool,169,4862,0.0,0.0,0.0,0.0520457773407626,0.04786947141316074,0.040519151630262734,0.03384599288554091,-0.02244668911335578,-0.008840761665620422,0.004852861246991223,0.01711560044893378
ON_no_pool,170,4766,0.0,0.0,0.0,0.06276803118908382,0.02115583075335397,0.03637770897832817,-0.0035792094615623993,0.0003785505430242246,-0.00421318447634237,0.025472334682860996,0.0042695233659369655
ON_no_pool,171,4736,0.0,0.0,0.0,0.027378604301681222,0.06320178912547175,-0.00879505110274341,0.026834838575729263,0.03319838056680162,-0.006724045185583647,0.01996623541603985,0.014409379793995179
ON_no_pool,172,4653,0.0,0.0,0.0,0.04730078916125427,0.06677477477477478,-0.005426036723746641,0.006526935098363669,0.007068607068607069,0.007882882882882882,0.00788670025958162,-0.008297469443966258
ON_no_pool,173,4696,0.0,0.0,0.0,0.08773418168964296,0.03642686656224361,0.03137596502015441,0.020169426146816213,0.014846235418875926,-0.012384594184924904,-0.0035642747731825138,0.03657019779153016
ON_no_pool,174,4680,0.0,0.0,0.0,0.041615617087315204,0.04628704628704629,0.021041239462292097,0.02604237867395763,-0.012374418034795392,-0.0020946795140343536,0.003183091418385537,0.002976190476190476
ON_no_pool,175,4764,0.0,0.0,0.0,0.08514922689679971,0.05400934915498024,0.012626262626262624,0.008631772268135905,0.03373983739837398,-0.007407407407407406,0.007659115426105718,0.01027013251783894
ON_no_pool,176,4751,0.0,0.0,0.0,0.04098419540229884,0.0028606965174129417,0.03685897435897437,0.031635802469135804,0.0018960674157303369,0.018201754385964913,-0.0034552845528455223,0.00625
ON_no_pool,177,4698,0.0,0.0,0.0,0.04883731877235925,0.07285148101793909,0.05935208558721001,0.0029081328295883883,0.012769210748910142,0.0018102985875201143,0.024289058734421262,-0.002945313873747143
ON_no_pool,178,4657,0.0,0.0,0.0,0.017165005537098564,0.07284020327498589,0.0011114743380189612,-0.0237888198757764,0.007950310559006211,0.01897439781851235,0.034161490683229816,-0.004777830864787388
ON_no_pool,179,4869,0.0,0.0,0.0,0.08245614035087719,0.007309941520467836,0.0323063756953359,0.02674578603371173,-0.021496449456975777,-0.0056462996571889496,0.0033738191632928446,-0.00588276246170983
ON_no_pool,180,4823,0.0,0.0,0.0,0.0425733552032076,0.05663082437275986,0.021594982078853048,0.023232009925558315,0.02613807657521857,0.008357771260997068,0.01603553062178588,0.013540885221305327
ON_no_pool,181,4669,0.0,0.0,0.0,0.07122878985642364,0.02873813938270258,0.004971984142803355,0.01799051763330519,0.0066346748100483514,0.049132947976878616,-0.004423734811843812,0.00351588105595614
ON_no_pool,182,4870,0.0,0.0,0.0,0.021396084283836117,0.054073203930562544,0.055601488218272016,0.023209650328294397,-0.018574071296435176,0.0042372881355932195,0.010462947726400088,0.002824858757062147
ON_no_pool,183,4856,0.0,0.0,0.0,0.10739348370927318,0.00459288653733099,-0.0031966490299823666,-0.011080844767285446,0.03403361344537815,-0.010989010989010992,0.021221532091097308,0.008394383394383396
ON_no_pool,184,4718,0.0,0.0,0.0,0.10129629629629629,0.040183974824497704,0.04664289958407605,0.01621044457386915,0.00855045214432805,0.014880385811282447,0.04231520787008961,0.00839899822857492
ON_no_pool,185,4659,0.0,0.0,0.0,0.04413485446833406,0.05922547447206629,0.04500035559348553,-0.004844961240310079,0.001693828969053287,0.013996554694229113,0.016672366621067032,-0.0013381321520856398
ON_no_pool,186,4685,0.0,0.0,0.0,0.09761904761904762,0.05576109936575053,-0.00471817720785337,-0.020051272660684856,0.00035505059470974584,-0.02462082912032356,-0.008678800134816313,0.005441860465116279
ON_no_pool,187,4750,0.0,0.0,0.0,0.0693056943056943,-0.008101851851851846,0.03780864197530864,0.020125095492742554,0.0275974025974026,0.011363636363636364,0.003350815850815852,0.003522727272727272
ON_no_pool,188,4738,0.0,0.0,0.0,0.05461176696420003,0.058061766441544815,-0.021198242247942062,-0.01834862385321101,0.01773225227455592,0.04411331861662987,0.03458046016249061,-0.00954421503700818
ON_no_pool,189,4812,0.0,0.0,0.0,0.06951733348381393,0.03329412917769283,-0.0021845007878527473,0.03988504512247529,0.017295863664578748,0.016872968926863116,0.008095658139762813,0.004371263353915515
ON_with_pool,100,4581,4954331308.230063,4912570685.55005,41760622.68001375,0.0682425897479661,0.044347727143426066,0.006261022927689593,-0.0017707799965864489,-0.023118085618085617,-0.006613756613756613,0.03080070546737214,-0.0004409171075837742
ON_with_pool,101,4643,4756278776.462623,4729672322.875246,26606453.587376267,0.09499918641861474,0.0282226360438651,0.04084007904837912,0.006767394616556632,0.0014682710213436492,0.02501341413376259,-0.0041045934202358775,0.000913694982509268
ON_with_pool,102,4584,4837879589.545205,4817767049.160062,20112540.38514293,0.06399769585253456,0.030393502630976888,0.0666177908113392,-0.0018869913556820543,0.013234957675589111,0.02094164317778474,0.02163978494623656,0.020755946562398174
ON_with_pool,103,4755,4924189291.847131,4912357317.244083,11831974.603047369,0.05305293501048217,0.06354369984818913,0.038009924412901734,0.03445794691397506,-0.02639043038599087,0.01696298984034833,0.004016439379787035,-0.00612886664099602
ON_with_pool,104,4731,4756268745.809481,4735691477.396245,20577268.413236,0.07088220295767467,0.055047656098035413,0.015351629502572905,0.03869579609400861,0.02391399736726635,0.0032328219596778947,0.013793596340766153,0.013003569607343191
ON_with_pool,105,4629,4725428157.178807,4687578578.563714,37849578.61509343,0.07123192711428004,0.034012066365007546,0.055842741136858776,0.03725490196078431,0.02766295707472178,0.007767722473604827,0.010457516339869286,-0.015531475748194013
ON_with_pool,106,4649,4747864723.951535,4737721718.331239,10143005.620296612,0.054783950617283944,0.0716540404040404,0.025823544433094994,0.030583613916947246,0.00690543071161049,0.0015649920255183386,-0.0006347818847818841,-0.00013213530655391097
ON_with_pool,107,4849,5042246047.441898,5001139850.160694,41106197.28120461,0.01604323953328758,0.04086021505376344,0.00027570995312931057,0.004969045291625937,-0.030228220320386218,-0.0009665337682735267,0.01033912324234905,0.0025018630895347616
ON_with_pool,108,4732,4900898600.500057,4876345531.390682,24553069.10937566,0.06195147856224497,0.04671525458042311,0.019311797752808987,0.04269264483225754,0.017037127503663898,-0.00397940074906367,0.005906078939786806,-0.0010320905686074227
ON_with_pool,109,4603,4717867282.520349,4712782238.167126,5085044.353223067,0.06115263503927472,0.01180752079581511,0.015909914261562616,-0.013747534516765282,0.01775147928994083,-0.005318795292866166,0.023923689043052438,-0.018777925371331966
ON_with_pool,110,4752,5023372021.786634,4970848234.294304,52523787.492330514,0.035992723492723505,-0.0023367117117117156,0.03620881155127731,0.0027277277277277315,0.021460139384667676,0.016377091377091375,0.005317273795534667,0.0024705117488622655
ON_with_pool,111,4665,4857803996.309989,4820168178.607158,37635817.702830635,0.04680205415499534,0.06243257820927723,0.011305780173704701,0.04323377581120944,0.01816502463054187,0.006491376077990257,0.023809523809523808,-0.015324214792299898
ON_with_pool,112,4589,4657636978.958476,4629728918.207717,27908060.75075842,0.08631697424851062,0.04202648244099021,0.0006533002928587502,0.013219631548647094,0.013186953197995416,-0.0008494011721736187,0.006020231926967677,-0.004550285638368543
ON_with_pool,113,4696,4891220196.806622,4885681210.947761,5538985.858861445,0.05319359329664181,0.04805635540929659,0.029296230276622433,0.013384141535402034,-0.0018879862840347796,0.007798573975044562,0.0031194295900178245,0.0075985271348088
ON_with_pool,114,4835,4792961244.225624,4770597386.752431,22363857.473192956,0.08420086753420088,0.026008617312965145,0.04506018623665683,0.02156817834783937,-0.001965601965601964,0.017280917280917282,0.01703446565831887,0.006223654847508059
ON_with_pool,115,4709,4918199099.529206,4878384422.859075,39814676.67013121,0.07928235256956948,0.0685572188462362,0.03228595425127216,-0.006528153926997859,0.009258352111296164,0.007993542675623602,0.019853413427027844,0.000796504483182376
ON_with_pool,116,4765,4674627666.977104,4646269765.873146,28357901.103958245,0.05732554906866834,0.033625410733844466,0.034974747474747485,-0.019626168224299058,0.039100684261974585,0.0034759358288770047,0.014634719285882076,0.01818181818181818
ON_with_pool,117,4777,4888814039.271918,4872941139.191683,15872900.080235435,0.0775749063670412,0.027153558052434468,0.04674959871589086,0.011694158897123275,0.02459097181155135,0.002937841459643334,0.006682436428149023,-0.013764044943820226
ON_with_pool,118,4694,5141848619.13144,5123239332.63678,18609286.494659565,0.023974076605655564,0.016822358927622086,-0.0008621982306192821,-0.004928050463236744,0.026398739164696608,0.026728960081362826,0.0332240858556648,0.02046783625730994
ON_with_pool,119,4559,4741026770.019445,4704330236.50377,36696533.51567522,0.03635545740808899,0.047678539783802924,0.050795593635250914,0.016560798548094377,0.015234163840974986,0.015794939061048258,-0.0003799517626457867,0.014619883040935672
ON_with_pool,120,4706,4966831875.317823,4956833197.858988,9998677.45883559,0.042521994134897365,0.03197055948479098,0.017112299465240642,0.007236422508953538,0.03683385579937304,0.014400975701285297,0.03208556149732621,0.00559314634944887
ON_with_pool,121,4619,4757436520.116554,4748057710.01726,9378810.099295024,-0.0004943434146973957,0.029978793136687873,0.03388278388278389,-0.003937728937728931,-0.01872675128489082,0.010966306420851876,0.0072576677054289,0.016172665255234062
ON_with_pool,122,4605,4871439950.452124,4839877586.738093,31562363.714029804,0.00924506387921023,0.035585874799357944,0.03218045112781955,-0.0008020050125313247,-0.009999999999999998,-0.004835164835164836,0.016865464632454925,-0.005038402457757297
ON_with_pool,123,4793,4625036975.3009815,4610294806.169318,14742169.131663837,0.011204238921001905,0.005155730589256613,-0.0071732014764259375,0.015690285986447578,-0.03501880015713564,0.017407481230483024,0.01019105323026209,-0.002693116132422492
ON_with_pool,124,4675,4681568886.162725,4647312045.704527,34256840.45819926,0.049203049203049215,0.010378510378510383,0.038996482065789,0.007334111316412199,0.01444851444851445,0.005952380952380951,0.009167148640832852,-0.01
ON_with_pool,125,4732,4925356180.904418,4915506258.615819,9849922.288599178,0.058686070932055495,0.054981280112170156,0.006896898912605719,-0.0009825919896754437,0.015637916781482502,0.030571955491193546,0.003706205783557584,-0.0173065735892961
ON_with_pool,126,4810,5028395008.077896,5007210663.495203,21184344.582693115,0.04283089806032642,0.03798527443105755,0.005402562631478293,0.012468054034319094,0.0068724510444880295,3.618075907232607e-05,0.019591881037664172,0.012048192771084338
ON_with_pool,127,4948,5015373124.666793,4994197954.644189,21175170.02260366,0.1376433540139124,0.04935417399607982,-0.012488208076905802,0.009270412113912073,0.022313874788494076,0.01230725026338473,0.0025300136975263884,0.015955587252310832
ON_with_pool,128,4713,4915049154.070822,4894928826.53285,20120327.537971344,0.0928126768534239,-0.0007168458781361964,-0.01757011417802904,0.047260624679979525,0.020894428152492667,0.013860333215171924,0.008602150537634409,0.0030022357074417118
ON_with_pool,129,4673,4921885786.08283,4886230708.542092,35655077.54073907,0.029088939136988887,0.10446801671488268,0.038513784693279,0.03338237354630797,0.016698498594089874,-0.0024206691592368896,0.00664599025254763,0.0273224043715847
ON_with_pool,130,4668,4743045230.096901,4724869638.850672,18175591.24622911,0.029719622655692113,0.03700056049323404,0.0059752582272399705,0.021236187845303865,-0.007748852888847274,0.014281246742416345,0.001703929364382713,0.008612284692882676
ON_with_pool,131,4641,4825722320.633871,4797899657.801173,27822662.83269798,0.07142552828902521,0.04637236596425713,0.004633179959100203,0.0037065439672801653,-0.01365598727561918,0.015374831662427054,0.0016316407779663235,0.011982361963190184
ON_with_pool,132,4759,4904347041.574481,4890660378.206316,13686663.368164953,0.03071491615180936,0.05671858144552318,-0.004416679929969761,0.004834951456310674,0.015813474551338632,-0.005134843581445522,-0.010804082648742844,0.014563106796116505
ON_with_pool,133,4672,4845858390.150179,4831812193.36026,14046196.789918285,0.1021132121433574,0.05028269951022761,-0.034339697329557564,0.03419832352416622,0.05591092817146883,0.02247191011235955,0.017216382747372236,0.013924901565351002
ON_with_pool,134,4624,4951895766.717552,4922082233.564882,29813533.15266952,0.03834355828220858,0.03049016110813863,0.03661789669388085,-0.0030729205942236666,0.028981015110422316,-0.0070921985815602835,0.014779602420051857,0.009659687979953115
ON_with_pool,135,4626,4599827361.061126,4576599161.958047,23228199.103078716,0.0807705903145988,0.022576172023402473,0.019163763066202093,-0.00648639095086603,0.058660303994344284,0.03216058709259659,-0.0016937669376693755,0.013242177876324215
ON_with_pool,136,4832,4965767203.510033,4948707178.430614,17060025.079418164,0.07159006211180124,0.05741297877846792,0.053246753246753244,0.006438418421451295,0.03210820799753606,0.021739130434782608,0.017849605017186278,0.0006305288913984568
ON_with_pool,137,4729,5022351148.406952,5010635414.982186,11715733.424766047,0.05894732777262899,0.06380257873599661,0.053030303030303025,0.034157683365039104,0.01546184738955823,0.03439472174411934,0.02710843373493976,-0.011969225215468615
ON_with_pool,138,4665,4728994183.163214,4702124760.487974,26869422.67523995,0.07208898578811368,0.04504062762678622,0.0034947261405515323,0.012474821461270831,0.03160676532769556,0.013918252290345313,0.018374628703904952,0.001526896875734084
ON_with_pool,139,4586,4719258520.226968,4704588854.938188,14669665.28877969,0.06880221039402677,0.017137767475801077,-0.01114913031080696,0.06193125559903815,0.006152743057574173,0.021801225135935028,0.015180165983821832,-0.008717858400845368
ON_with_pool,140,4647,4941389518.97964,4891156479.561479,50233039.418161176,0.0077712609970674446,0.05588235294117647,0.0033044846577498163,0.0039049235993208822,0.021487652132813423,0.01008064516129032,0.008243727598566309,0.010865874363327675
ON_with_pool,141,4904,5017698054.557844,4990878747.374613,26819307.183231056,0.11809009009009011,0.045784809199443346,0.012824589295177533,0.03560331985528836,-0.009573980760421437,0.018406337371854615,0.017384333486028403,0.0010194404931247042
ON_with_pool,142,4657,4786978236.433805,4764354039.672809,22624196.760996357,-0.009011782007216258,0.03791283352719326,0.015433893764759801,0.005589138361159089,0.014271429870011815,0.008658303790564495,-0.010081810744477775,-0.00644564982728843
ON_with_pool,143,4591,4663949128.252389,4657960433.149883,5988695.102505843,0.08311808515218046,0.04823640778696958,-0.004661292949031101,-0.014928768945360356,0.0082822608103507,0.023816383366945165,0.003142258617406208,-0.015007043947359376
ON_with_pool,144,4551,4953567590.078206,4920745044.572601,32822545.505604472,0.009117117117117116,0.06161851506679094,0.011951400942226631,0.013983548766157464,0.010854402789886662,0.007434537341079395,0.010906098406098408,0.0015103338632750408
ON_with_pool,145,4617,4633969282.037932,4619931586.119515,14037695.918417184,0.029546400332917194,0.0669234333371945,0.04216630472413684,0.018972994283461463,0.01913679329409666,0.019717999559374314,0.010309083342791205,-0.0013769552764926196
ON_with_pool,146,4842,4710269899.052602,4705530955.484514,4738943.568087684,0.02448133949712482,0.051422140372416617,0.03091640998060594,0.034466882580809044,-0.001939014024649386,-0.012846789045327628,0.015139656230816452,-0.007399966515988614
ON_with_pool,147,4619,4810411021.387376,4790522980.3011675,19888041.086208593,0.04371895695364239,0.0382139610811212,0.053616912888436064,0.014585304320403659,0.027338405122872313,0.022323399558498897,0.01153421633554084,0.003985773853323523
ON_with_pool,148,4765,5135200963.555693,5119218516.859901,15982446.695791662,0.05605287569573285,0.04771903820816865,-0.003636363636363632,0.015292154215421537,0.024567099567099564,0.014896867838044307,0.016741709548313322,-0.007266746411483255
ON_with_pool,149,4674,4780510008.237925,4760258134.688342,20251873.54958248,0.1054090338227015,0.03428403410761541,0.033494833638206364,0.006246825799898426,-0.03603351955307263,0.01963066418373681,0.02303100010954102,0.019553072625698324
ON_with_pool,150,4674,4964459394.987769,4938579000.576464,25880394.41130493,0.05085918159312654,0.04290890269151139,0.033202271734381825,0.02262275626761608,0.016000436871996503,0.004563492063492061,0.01488095238095238,0.017857142857142856
ON_with_pool,151,4864,5147888762.163003,5132844601.638461,15044160.524541724,0.10169393201067409,0.040811251179144165,0.016326977865439414,0.015035534266303496,0.005917159763313609,0.03022984341665661,0.018748753407353234,0.005917159763313609
ON_with_pool,152,4894,5154266488.942306,5125147191.188414,29119297.75389198,0.07135637760258742,-0.021270841288023423,0.020216716550271584,-0.01969916199433291,0.00019674195325411308,-0.006932100959829364,0.03270103092783505,0.021007839347079036
ON_with_pool,153,4711,4682175943.334729,4660382046.426128,21793896.908601034,0.03729560978790694,0.04655489438098134,0.0408991932605126,0.01820092086153085,-0.007052277432712216,0.01771639243035124,0.01678020436786215,0.0
ON_with_pool,154,4617,4554950514.352223,4544067163.929297,10883350.422925578,0.07553468037339006,0.03013338862395467,-0.009925558312655083,0.016369993642720918,-0.003547503547503543,0.016899766899766903,0.0017297517297517311,-0.0012061109622085227
ON_with_pool,155,4649,4748037517.398329,4700425840.80361,47611676.59471807,0.0607888398233641,0.04789236937982128,0.023636740617872694,-0.010585964256803033,0.02924259528033113,0.02830188679245283,0.01589797344514326,0.00946335155469347
ON_with_pool,156,4688,4976505135.859864,4967824528.680237,8680607.17962746,0.10958315427589171,0.04211039338919926,0.03370577281191806,0.028317712421318312,0.030726256983240222,0.014889482632985182,0.019553072625698324,-0.0015056064027893336
ON_with_pool,157,4759,5046589757.460176,5027198753.744774,19391003.71540276,0.05947231987500444,0.06477647419676405,0.02305573675436689,0.014614121510673234,0.017872038705372042,0.02025851354710415,-0.004551514394034079,-0.013422818791946308
ON_with_pool,158,4762,5016764287.768486,5004048165.572979,12716122.195506692,0.08166409861325115,0.037701784197111295,0.01342893217893218,0.017482517482517487,0.00971750212404418,0.001748251748251748,0.008441558441558443,-0.0047169811320754715
ON_with_pool,159,4678,4991100820.039718,4972637721.299122,18463098.740596227,0.026809038662486948,0.04263468013468013,0.000765635074145711,0.006700257289879934,0.040025252525252526,0.018583194328607174,0.017045454545454544,0.015381859131859132
ON_with_pool,160,4738,4749139172.08546,4723466229.924804,25672942.160655838,0.11011851719836036,0.04385170425384174,0.0598211896554438,-0.009759245069968142,0.02194731363599968,-0.0011245962020348388,-0.0010714883643060443,0.027624309392265192
ON_with_pool,161,4698,4714428810.459807,4687989058.336762,26439752.12304443,0.07125,0.009659565580618215,0.007415131502722744,0.012332743014561203,0.019345238095238096,0.0043650793650793634,-0.01455026455026455,0.02492291880781089
ON_with_pool,162,4762,4763787752.8322525,4734510740.498636,29277012.333616834,0.061183754939101394,-0.0052955313862071834,0.012225548902195613,0.007705899676057719,0.011004078798923893,0.01369056758278315,0.0030474764756201894,-0.01062580720911119
ON_with_pool,163,4797,4892380094.702611,4845098604.344377,47281490.35823435,0.04324765401876786,0.03220474236206111,0.0600599013389711,-0.0023063617143955426,-0.019827072152653547,0.01890798786653185,0.019045709703287894,-0.026795993552843657
ON_with_pool,164,4522,4513650778.9512825,4497503392.663101,16147386.288181312,0.05278431644050586,0.02888484480841169,0.04318197383740839,0.003972330662283405,0.00622168231663274,-0.02647180539062219,0.002614242911284403,-0.0020236199575371545
ON_with_pool,165,4672,4982494613.510563,4965379746.048826,17114867.46173638,0.029846335697399543,0.005527210884353748,0.00898869648869649,0.004326215022091316,-0.010509979569385507,0.0026230831315577074,0.02976190476190476,0.011577107907383135
ON_with_pool,166,4617,4781829929.065562,4774027985.865641,7801943.199922141,0.0663978494623656,0.06535714285714286,0.011790981879477455,0.019398496240601505,0.012695852534562211,0.022857142857142857,0.00829329962073325,0.002579013906447535
ON_with_pool,167,4536,4753160853.884299,4740981701.911972,12179151.972328026,0.03698434050772627,0.09426215800387987,0.024963069926471813,-0.007513402712078204,-0.0023799668874172186,-0.0002858640240125782,0.023178807947019868,0.0026320258108337557
ON_with_pool,168,4672,5137414438.557671,5127037174.944891,10377263.61277929,0.04663299663299663,0.048001949317738775,0.03039832285115304,-0.01511243386243386,-0.0025711662075298437,0.017505241090146752,0.01423414940364093,0.008771929824561403
ON_with_pool,169,4647,4824519409.911381,4808501212.222272,16018197.689108608,0.0976775956284153,0.008562727416548024,0.0331379332436415,0.0351687186502508,0.03670770633834929,0.0022382356152418383,-0.0063025210084033615,0.010333203048661324
ON_with_pool,170,4714,4634057978.510614,4616195843.569951,17862134.940663014,0.12379348241590216,0.03156249999999999,0.013703955314009662,0.029940560263653482,0.04147376543209876,-0.0016705974842767292,0.004248903508771931,0.006068840579710144
ON_with_pool,171,4642,4965865846.016424,4950465992.336495,15399853.679928139,0.052910052910052914,0.07972419737125619,0.00710622710622711,0.018443795787545784,0.015207470125502914,0.01757153737351757,0.003256003256003257,0.006679594914889033
ON_with_pool,172,4753,5014958012.525996,4987263615.294277,27694397.23171883,0.04988862683438155,0.047967069892473124,-0.008184523809523805,-0.0011598389355742256,-0.00819359756097561,0.026741293532338305,0.013020833333333332,0.01206140350877193
ON_with_pool,173,4607,4545674326.483459,4527660294.652458,18014031.831001557,0.023465484791451663,0.009599712114476834,-0.00356353591160221,0.024591051890369406,-0.015583618346049287,0.011049723756906077,0.0032872928176795576,0.008657515520874865
ON_with_pool,174,4764,4961583795.390759,4924385856.089232,37197939.301527575,0.12675503190967108,0.04599896480331263,0.019749879749879753,0.014961597542242702,-0.012258064516129031,-0.007263017356475299,-0.0066666666666666645,-0.0037196765498652288
ON_with_pool,175,4835,4970242914.013749,4935469568.762535,34773345.2512143,0.07643385753931545,0.0025723753051970707,0.015700068634179824,0.039007092198581554,0.025413711583924352,0.033530338849487785,0.03259524987629886,0.011571481896229936
ON_with_pool,176,4772,4801932733.113076,4774858775.203309,27073957.909766823,0.014195619768375176,0.023189622993654353,0.04005495666878038,0.0327649341422091,0.02313631976381082,0.01042461225527587,-0.02116837231968811,0.02046783625730994
ON_with_pool,177,4753,4862100228.886579,4856532739.077885,5567489.808693793,0.03567498658078367,0.05932071216047605,0.02775764895330113,0.00842391304347826,0.03774154589371981,0.010090453025235634,0.019021739130434784,-0.010103121516164994
ON_with_pool,178,4671,5021253245.462214,4989482924.57851,31770320.883704208,0.019410173160173155,0.011204481792717089,0.007380952380952384,-0.005193798449612402,0.016376306620209058,0.025811688311688313,-0.017380952380952382,-0.0029083461341525858
ON_with_pool,179,4790,4738953835.618235,4720408097.127305,18545738.490929376,0.05266376213406711,0.02356942777110845,0.05322356215213357,-0.004875283446712016,-0.006122448979591837,-0.019137775592164574,-0.0005668934240362807,0.0036848072562358277
ON_with_pool,180,4607,4406554313.33372,4394663420.115001,11890893.21871987,0.015352428099952853,0.06015037593984962,0.051785714285714296,0.03387850467289719,0.03090231419670672,0.02976190476190476,0.0028138528138528136,-0.009708737864077669
ON_with_pool,181,4559,4628683422.00562,4605963304.1009035,22720117.90471681,0.03136313354786806,0.06977671451355662,0.033328305175650316,0.020802785923753668,0.02001580553738827,-0.0028975653975653985,0.020409090909090908,-0.00771103896103896
ON_with_pool,182,4741,4787335896.402986,4774567603.544009,12768292.858976306,0.06421911421911423,-0.011580459770114931,0.005313283208020048,0.037348484848484846,0.021574074074074075,0.006608187134502924,0.008980716253443528,0.021666666666666664
ON_with_pool,183,4742,4857420703.509152,4827090759.32812,30329944.18103169,0.05378469062784349,-0.01525310090512906,0.06765103261918548,0.042915954637253374,0.018136104592691923,-0.013990706245242956,0.009554140127388535,0.023454087048832273
ON_with_pool,184,4829,5216687841.8300295,5198672269.90079,18015571.929239653,0.030616174582798472,0.04288499025341132,0.025485757404263357,-0.006542397660818718,0.024310776942355887,0.01628937936238446,0.020826259196378042,-0.01973684210526316
ON_with_pool,185,4708,4994350972.154682,4981009433.934762,13341538.219920626,0.059314954051796154,0.04072374152695438,-0.02335038698675062,0.010756919847828936,0.0013227513227513227,0.01492216854535695,0.013743162048246792,-0.022135416666666664
ON_with_pool,186,4905,5016643520.536392,5001888699.831834,14754820.704558168,0.058069231280313605,0.06348982564970158,0.032358175587227346,0.033586943991568266,0.029731585875350536,0.03939963911062176,0.03239791161663248,0.003702288252997659
ON_with_pool,187,4730,4688696002.915925,4678087514.539194,10608488.376731087,0.04943647540983606,0.06392543859649123,0.022821969696969698,0.008727477477477479,0.002954234972677598,0.01877920560747664,0.003240740740740742,0.01412037037037037
ON_with_pool,188,4704,5010993903.689401,5003305373.785848,7688529.903552415,0.07297318549972479,0.09067246447819696,0.037541833099427824,0.012532723187599203,0.013572945101607524,0.014912546759680515,0.00186928828579341,0.01910828025477707
ON_with_pool,189,4678,4826014696.083793,4808908164.851867,17106531.231926043,0.024332472006890607,0.027576274802645614,0.023020621660269434,0.006675279931093885,-0.022615745679539154,0.011877076411960135,0.027628918099089992,-0.005788675429726997
