rho,seed,n_pairs,did,pre_trend_p,k-4,k-3,k-2,k-1,k0,k1,k2,k3,k4,k5,k6,k7,k8,peak_beta,peak_k
0.7,100,386,-0.0259067357512953,0.3817553694858606,0.0129533678756464,-0.0051813471502589,-9.367506770274757e-17,0.0,-5.3180116560413986e-17,-0.0984455958549152,0.0155440414507744,-0.0155440414507773,0.0803108808290163,0.046632124352331,0.0388601036269433,0.0388601036269427,0.0310880829015537,0.0803108808290163,4
0.7,101,393,-0.188295165394402,0.0782541852742596,0.0254452926208676,0.0152671755725206,1.6371452804531117e-15,0.0,-3.651592916931179e-16,-0.1806615776081475,-0.0203562340966887,0.0152671755725192,0.0381679389313003,0.0178117048346061,0.0559796437659049,0.040712468193385,0.0407124681933859,0.0559796437659049,6
0.7,102,394,-0.0025380710659898,0.8017948578949434,-0.0050761421319783,-0.0076142131979675,1.893450674028685e-15,0.0,2.409097227262791e-16,-0.0989847715735947,-0.0076142131979705,0.0659898477157379,0.0253807106598992,0.0253807106598992,0.055837563451778,0.0152284263959402,0.0355329949238587,0.055837563451778,6
0.7,103,405,-0.1382716049382716,0.0760968554640389,0.0320987654321028,-0.0024691358024707,-1.3201245652183502e-15,0.0,-2.203098814490545e-16,-0.1283950617284005,-0.0172839506172823,0.0024691358024683,0.0345679012345658,0.05185185185185,0.0395061728395046,0.0370370370370358,0.0246913580246902,0.05185185185185,5
0.7,104,396,-0.101010101010101,0.4552416510627672,0.0126262626262651,0.0101010101010102,7.936359902593892e-16,0.0,2.0339632755828063e-15,-0.1237373737373705,-0.015151515151517,0.0277777777777789,0.0328282828282836,0.0328282828282829,0.01010101010101,0.0303030303030307,0.0303030303030313,0.0328282828282836,4
0.75,100,384,-0.0286458333333333,0.3755714580357101,0.0182291666666674,-0.0052083333333336,-8.868773770931425e-17,0.0,4.505944228849756e-16,-0.0677083333333287,-0.031249999999998,0.0260416666666657,0.0572916666666667,0.0260416666666666,0.0468750000000001,0.0520833333333331,0.0234375000000001,0.0572916666666667,4
0.75,101,392,-0.0382653061224489,0.3241805949231904,0.0153061224489773,0.0127551020408153,-2.3440450969136606e-16,0.0,1.1535911115245767e-16,-0.0816326530612254,-0.0331632653061206,0.0382653061224482,0.066326530612244,0.0306122448979583,0.0459183673469381,0.0357142857142848,0.028061224489795,0.066326530612244,4
0.75,102,401,-0.0798004987531172,0.7194449496905163,0.0149625935162115,0.0049875311720708,-5.451368523257116e-16,0.0,4.90059381963448e-16,-0.1346633416458821,0.0199501246882779,0.0324189526184546,0.0224438902743145,0.0274314214463843,0.0399002493765591,0.0224438902743147,0.0324189526184545,0.0399002493765591,6
0.75,103,402,-0.0845771144278607,0.8706269445942532,0.002487562189057,0.0074626865671666,8.020927672047762e-16,0.0,2.3678975447083417e-16,-0.1393034825870539,-0.017412935323385,0.0348258706467681,0.0472636815920394,0.0348258706467664,0.039800995024877,0.0323383084577136,0.0223880597014936,0.0472636815920394,4
0.75,104,394,-0.1269035532994923,0.3102689423358976,0.005076142131981,0.0203045685279198,1.7909935687288048e-15,0.0,1.8561541192951836e-16,-0.137055837563441,-0.0482233502538095,0.0152284263959397,0.0685279187817264,0.0380710659898485,0.0456852791878184,0.0406091370558386,0.0329949238578686,0.0685279187817264,4
0.8,100,389,-0.1079691516709511,0.2258193343012615,0.0154241645244201,0.017994858611822,-2.626371342628886e-15,0.0,-2.379173247302191e-15,-0.1208226221079618,-0.0077120822622133,0.0385604113110511,0.0154241645244179,0.0257069408740323,0.0282776349614361,0.0128534704370133,0.046272493573261,0.046272493573261,8
0.8,101,396,-0.1893939393939394,0.4035415986611176,0.0101010101010105,0.0126262626262632,6.947567521287112e-16,0.0,2.1736085153989393e-15,-0.146464646464643,-0.0656565656565682,0.0252525252525263,0.0202020202020207,0.0404040404040406,0.0227272727272727,0.0404040404040409,0.0353535353535364,0.0404040404040409,7
0.8,102,367,-0.0027247956403269,0.8274611159042309,0.0108991825613091,1.0184995208328829e-15,1.2047654540658925e-15,0.0,5.698566618583811e-16,-0.1362397820163537,0.0326975476839258,0.0653950953678496,0.0463215258855594,0.0108991825613089,0.0544959128065406,0.0081743869209819,-0.0081743869209795,0.0544959128065406,6
0.8,103,414,-0.0603864734299516,0.8396734792430707,-0.0048309178743955,0.0072463768115945,-1.5183167223487004e-15,0.0,-8.829742492721948e-16,-0.1207729468599068,0.0193236714975849,0.0144927536231895,0.0289855072463775,0.0338164251207731,0.0362318840579705,0.0410628019323668,0.0217391304347832,0.0410628019323668,7
0.8,104,394,-0.0685279187817258,0.8984249161539895,0.0050761421319813,0.0076142131979708,1.8110513089197866e-15,0.0,1.6219664500383146e-16,-0.1319796954314618,0.0177664974619271,0.0279187817258894,0.0304568527918786,-0.0025380710659896,0.0329949238578692,0.0406091370558388,0.0329949238578686,0.0406091370558388,7
0.85,100,403,0.0198511166253101,0.5146353690656371,-0.0024813895781682,-0.0124069478908182,9.131150696672918e-16,0.0,7.32920668600201e-17,-0.0918114143920559,0.0471464019851112,0.0024813895781637,0.0471464019851115,0.0496277915632758,0.0372208436724568,0.0421836228287841,0.0347394540942928,0.0496277915632758,5
0.85,101,392,-0.0688775510204081,0.859715021109541,0.0076530612244873,0.0025510204081623,-6.301383026485752e-16,0.0,-1.2533377113932431e-16,-0.1250000000000006,-0.0204081632653045,0.038265306122448,0.0484693877551008,0.010204081632652,0.0637755102040805,0.0382653061224476,0.012755102040815,0.0637755102040805,6
0.85,102,388,-0.1108247422680412,0.3449406938904902,0.0154639175257724,-0.0103092783505156,-3.200564813177209e-16,0.0,-2.196593601455632e-16,-0.1391752577319501,-0.0360824742268036,0.0206185567010295,0.0489690721649477,0.04381443298969,0.0592783505154634,0.0567010309278338,0.0154639175257721,0.0592783505154634,6
0.85,103,408,-0.071078431372549,0.7537410203433061,0.007352941176464,0.0098039215686224,-4.6574072723459814e-15,0.0,-4.9743195673634936e-15,-0.1053921568627459,-0.0024509803921625,0.0122549019607785,0.0416666666666593,0.058823529411759,0.0588235294117586,0.0367647058823464,0.026960784313719,0.058823529411759,5
0.85,104,389,-0.0719794344473007,0.2691513624803975,0.0231362467866335,-0.0025706940874036,-3.172375556692586e-16,0.0,3.0444397003392965e-16,-0.1079691516709419,0.0437017994858607,0.0025706940874027,0.0102827763496129,0.04370179948586,0.0025706940874025,0.0411311053984561,0.0411311053984571,0.04370179948586,5
0.9,100,410,-0.0951219512195122,0.874518954304581,-0.0048780487804908,-0.0073170731707317,-1.0148132334464322e-16,0.0,-1.003537530852583e-15,-0.1170731707317064,-0.0390243902439022,0.0195121951219515,0.0292682926829258,0.0292682926829253,0.0414634146341456,0.0243902439024382,0.002439024390243,0.0414634146341456,6
0.9,101,373,-0.0134048257372654,0.8853253786387965,0.0053619302949027,0.005361930294904,-1.6282548226387308e-15,0.0,-1.2216790079566664e-15,-0.0697050938337845,0.0107238605898132,0.0134048257372662,0.0428954423592476,0.0241286863270763,0.0428954423592478,0.0563002680965128,0.0214477211796235,0.0563002680965128,7
0.9,102,397,-0.0554156171284634,0.6250255564580647,-0.0050377833753205,0.0151133501259434,-1.289333223519762e-15,0.0,-1.3010426069826053e-18,-0.1511335012594372,0.0100755667506253,0.0579345088161205,0.0377833753148596,0.0428211586901756,0.0453400503778324,0.0251889168765727,0.0251889168765729,0.0453400503778324,6
0.9,103,393,-0.0839694656488549,0.9294530939321892,-0.0025445292620862,-0.0050890585241715,1.1618310480354666e-15,0.0,-9.8879238130678e-16,-0.165394402035628,0.0483460559796455,0.0152671755725179,0.0101781170483471,0.0508905852417309,0.0381679389312984,0.0559796437659032,0.0432569974554714,0.0559796437659032,7
0.9,104,395,-0.1063291139240506,0.9404901225257224,-5.013350845572973e-15,0.0050632911392403,-1.7433970933566911e-16,0.0,1.0000680839006293e-15,-0.0962025316455622,-0.0177215189873397,0.0075949367088589,0.00506329113924,0.0481012658227841,0.0126582278481002,0.0303797468354427,0.0379746835443032,0.0481012658227841,5
0.95,100,399,-0.087719298245614,0.9538403969346564,1.7479507424811302e-15,-0.0050125313283197,1.1718057080223332e-15,0.0,6.717716660720185e-16,-0.1604010025062683,-0.0100250626566422,0.0175438596491246,0.0601503759398517,0.0350877192982475,0.0526315789473702,0.0401002506265683,0.0601503759398519,0.0601503759398519,8
0.95,101,421,-0.0190023752969121,0.0152132514742444,0.0261282660332492,-0.0118764845605745,-4.4817665204033305e-15,0.0,-3.784732943712399e-15,-0.1282660332541569,0.0261282660332516,0.0332541567695915,0.0641330166270738,-0.0118764845605748,0.0261282660332491,0.0285035629453633,0.0475059382422754,0.0641330166270738,4
0.95,102,407,-0.054054054054054,0.0902857654554161,0.0171990171990166,0.0147420147420135,-1.528725063204561e-16,0.0,4.2479041117982064e-16,-0.1179361179361049,0.0368550368550344,0.0270270270270247,0.0319410319410294,0.0049140049140038,0.04176904176904,0.0294840294840275,0.0245700245700225,0.04176904176904,6
0.95,103,399,-0.0451127819548872,0.767300050121213,0.0025062656641616,0.007518796992482,4.575333167888829e-16,0.0,2.7690523485279783e-16,-0.0701754385964948,0.0100250626566402,0.0125313283208033,0.0125313283208042,0.010025062656643,0.022556390977445,0.035087719298247,0.0350877192982473,0.0350877192982473,8
0.95,104,397,-0.0982367758186398,0.0348078197185248,0.0251889168765735,0.0151133501259438,-6.735063895479955e-16,0.0,-1.981921571303502e-16,-0.0831234256926877,-0.0025188916876622,0.0201511335012586,0.0075566750629708,0.0201511335012591,0.0453400503778326,0.0377833753148598,0.0075566750629712,0.0453400503778326,6
0.7,105,375,-0.10933333333333334,0.06106282313355888,0.031999999999999806,-0.002666666666666785,-4.2197148553135833e-16,0.0,3.469446951953614e-17,-0.122666666666668,-0.021333333333331553,0.04266666666666823,0.021333333333333895,0.03466666666666719,0.03199999999999944,0.03466666666666629,0.03733333333333259,0.03733333333333259,8
0.7,106,369,-0.02981029810298103,0.9917462901948285,0.0027100271002724807,0.002710027100271256,1.1657341758564144e-15,0.0,-5.583641188300348e-17,-0.11111111111111155,0.008130081300813892,0.002710027100271956,0.07588075880758938,0.03252032520325289,0.03794037940379443,0.01626016260162701,0.035230352303524046,0.07588075880758938,4
0.7,107,401,-0.11221945137157108,0.1334387474727959,0.024937655860351488,0.002493765586034838,1.7672495411513722e-16,0.0,6.121405465853158e-16,-0.14463840399002154,-0.00498753117207143,0.012468827930174498,0.05236907730673364,0.06483790523690816,0.054862842892768736,0.0249376558603497,0.0598503740648386,0.06483790523690816,5
0.7,108,363,-0.08539944903581267,0.278459588116914,-0.02203856749311311,-0.005509641873277276,9.93129189996722e-16,0.0,1.3222929695633212e-15,-0.16804407713498654,0.030303030303032268,0.019283746556473816,0.005509641873278542,0.04132231404958756,0.03856749311294816,0.06887052341597844,0.022038567493113063,0.06887052341597844,7
0.7,109,391,-0.14066496163682865,0.13948843514673348,0.02301790281329745,-0.002557544757035287,-2.054563116860031e-15,0.0,-2.08828180442433e-15,-0.09207161125319993,-0.03580562659846322,-0.015345268542200809,0.023017902813297214,0.012787723785164427,0.0281329923273643,0.02046035805626522,0.03069053708439727,0.03069053708439727,8
0.7,110,365,-0.03561643835616438,0.041927849788859384,0.030136986301371366,-0.008219178082191816,-1.6002824065886045e-16,0.0,2.1293730667615307e-16,-0.1095890410958888,0.019178082191779862,0.05205479452054926,0.024657534246575834,0.027397260273972733,0.0520547945205472,0.06849315068493138,0.03561643835616381,0.06849315068493138,7
0.7,111,434,-0.11059907834101383,0.14220554687452858,0.020737327188939524,0.016129032258064245,7.450637329320386e-16,0.0,3.0010716134398763e-16,-0.15207373271889768,0.006912442396312741,0.025345622119816474,0.04608294930875656,0.05529953917050694,0.009216589861751936,0.03225806451612981,0.013824884792627804,0.05529953917050694,5
0.7,112,372,-0.13709677419354838,0.7898913151880343,0.0026881720430108015,0.013440860215053566,1.3114509478384662e-15,0.0,3.2526065174565133e-18,-0.14247311827956183,2.6506574712925612e-15,0.02150537634408526,-2.4303475898435067e-15,0.04838709677419243,0.03225806451612759,0.05376344086021437,0.032258064516128414,0.05376344086021437,7
0.7,113,379,-0.12401055408970976,0.6010103157509934,0.013192612137204067,0.005277044854880831,5.056718932472393e-16,0.0,5.355958732078392e-16,-0.14511873350923074,-0.042216358839050484,0.05277044854881287,0.029023746701846525,0.034300791556727724,0.042216358839050463,0.03957783641160924,0.03166226912928781,0.042216358839050463,6
0.7,114,381,-0.04199475065616798,0.9962734359645393,0.0026246719160087405,-1.6740081543176188e-16,2.3540197569005272e-15,0.0,-1.8973538018496328e-18,-0.12860892388450712,0.01574803149605965,0.03149606299212579,0.04199475065616849,0.039370078740156744,-0.002624671916011522,0.03937007874015667,0.010498687664041419,0.04199475065616849,4
0.75,105,364,-0.024725274725274724,0.6166275288426166,0.013736263736263368,0.010989010989011068,-1.6219664500383146e-16,0.0,2.498001805406602e-16,-0.09890109890110757,0.03571428571428778,0.041208791208793685,0.021978021978022802,0.0439560439560448,0.04670329670329769,0.04395604395604531,0.043956043956045986,0.04670329670329769,6
0.75,106,383,-0.17232375979112272,0.4608758729404374,0.018276762402091272,0.0052219321148825396,1.0000680839006293e-15,0.0,1.3791051634015616e-16,-0.16710182767624251,-0.015665796344645832,0.02610966057441501,0.007832898172324698,0.018276762402089745,1.5421691701433815e-15,0.04699738903394363,0.018276762402089988,0.04699738903394363,7
0.75,107,394,-0.07106598984771574,0.14852095330167925,0.007614213197970426,0.022842639593908542,1.1214987272190058e-15,0.0,-9.519295074422729e-17,-0.06091370558374829,0.007614213197966388,0.010152284263959262,0.002538071065989975,0.02284263959390847,0.048223350253807834,0.002538071065990158,0.03299492385786857,0.048223350253807834,6
0.75,108,386,-0.10362694300518134,0.33443858384114517,0.012953367875649177,0.0129533678756489,8.799384831892354e-16,0.0,5.447031714567174e-16,-0.15284974093263362,-0.028497409326427272,0.056994818652850984,0.04663212435233355,-3.7556763254897874e-16,0.031088082901554823,0.02072538860103659,0.038860103626942644,0.04663212435233355,4
0.75,109,403,-0.11662531017369727,0.7323606150032875,0.00744416873449317,-0.009925558312654043,1.6002824065886045e-15,0.0,7.958043946043603e-16,-0.1712158808932938,-0.027295285359801618,0.03225806451612998,0.04714640198511187,0.03473945409429356,0.027295285359802003,0.012406947890819316,0.024813895781638038,0.04714640198511187,4
0.75,110,395,-0.13670886075949368,0.5066208455784726,0.017721518987344788,0.002531645569621562,6.713379852030243e-16,0.0,2.34783980451736e-15,-0.16202531645568558,2.1441182163073336e-15,0.02531645569620202,0.02025316455696184,0.048101265822784706,0.0303797468354423,0.025316455696203603,0.032911392405063834,0.048101265822784706,5
0.75,111,389,-0.10796915167095116,0.7584089300499863,0.010282776349613392,0.0025706940874027314,4.597017211338539e-17,0.0,6.379445582904708e-16,-0.11053984575834608,-0.03856041131105368,0.015424164524421573,0.038560411311053436,0.0514138817480711,0.07969151670951116,0.038560411311052714,0.04884318766066841,0.07969151670951116,6
0.75,112,387,-0.07235142118863049,0.3174940600844587,0.018087855297159908,0.015503875968992279,-1.2182095610047128e-15,0.0,5.349453519043479e-16,-0.11886304909560849,0.02067183462532556,0.0465116279069768,0.012919896640825603,0.023255813953487824,0.04909560723514066,0.038759689922479745,0.05167958656330664,0.05167958656330664,8
0.75,113,387,-0.01808785529715762,0.9404952375670597,0.002583979328165651,-0.005167958656330008,-1.1254018550399536e-16,0.0,1.4628055711174426e-15,-0.08010335917312708,-0.010335917312657372,0.0258397932816547,0.0439276485788108,0.02583979328165472,0.025839793281654054,0.023255813953489086,0.03617571059431552,0.0439276485788108,4
0.75,114,378,-0.1402116402116402,0.7673311608665792,0.005291005291006711,0.010582010582011688,3.946495907847236e-16,0.0,1.0260889360402814e-15,-0.1455026455026402,-0.002645502645504238,-0.013227513227511008,0.03703703703703888,0.023809523809524905,0.05026455026455094,0.01322751322751426,0.04497354497354637,0.05026455026455094,6
0.8,105,378,-0.09259259259259259,0.6154351726755385,-0.01587301587301601,1.605486577016535e-15,1.3725999503666486e-16,0.0,8.261620554339544e-16,-0.1243386243386197,-0.02645502645502725,0.018518518518520797,0.023809523809525182,0.03968253968254093,0.026455026455027328,0.04761904761904914,0.010582010582011716,0.04761904761904914,7
0.8,106,396,-0.11363636363636363,0.9962907339289775,0.002525252525251383,2.5587171270657905e-17,3.780612975456954e-16,0.0,1.2368578383714635e-15,-0.12878787878787668,-0.02525252525252753,0.02272727272727268,0.02020202020201959,0.0176767676767666,0.04545454545454451,0.045454545454544276,0.032828282828281596,0.04545454545454451,6
0.8,107,376,-0.05053191489361702,0.08473594905090677,0.029255319148938308,0.01063829787234072,-2.181414771040835e-16,0.0,-4.2934406030425976e-17,-0.11170212765957957,-8.187894806610529e-16,0.034574468085108626,0.06648936170212796,0.03989361702127704,0.053191489361702544,0.037234042553192036,0.06648936170212834,0.06648936170212834,8
0.8,108,394,0.005076142131979695,0.2006931957322415,-0.025380710659897186,-0.002538071065987328,1.8390237249699126e-15,0.0,1.2750217548429532e-16,-0.07868020304567709,-0.01776649746192961,0.053299492385788835,0.020304568527919765,0.025380710659899733,0.0736040609137071,0.048223350253808694,0.040609137055838525,0.0736040609137071,6
0.8,109,391,-0.12531969309462915,0.6931835374794713,-0.012787723785169531,0.0076726342711,-1.1206313654810174e-15,0.0,7.719519468096792e-17,-0.11508951406649726,-0.04347826086956241,0.03836317135549934,-0.010230179028134233,0.030690537084397583,0.05626598465473024,0.035805626598465874,0.025575447570331866,0.05626598465473024,6
0.8,110,397,-0.10831234256926953,0.77763189353305,0.007556675062972168,-0.00503778337531443,-2.500170209751573e-16,0.0,4.2500725161431774e-16,-0.16876574307303802,-0.0100755667506344,0.04282115869017619,0.030226700251887978,0.0025188916876569987,0.04785894206549031,0.027707808564230763,0.022670025188916122,0.04785894206549031,6
0.8,111,378,-0.06878306878306878,0.7705690983174514,0.007936507936509733,0.007936507936509392,6.353424730765056e-16,0.0,1.2836953722228372e-15,-0.12433862433861932,-0.0026455026455040435,0.0052910052910076465,0.06878306878307042,0.047619047619049185,0.02645502645502762,0.05820105820105993,0.05291005291005456,0.06878306878307042,4
0.8,112,392,-0.11479591836734694,0.8792427610252028,-0.002551020408163899,0.007653061224489671,-8.673617379884035e-18,0.0,2.1553939189011828e-16,-0.17602040816326522,0.030612244897959866,0.03316326530612192,0.002551020408162458,0.04081632653061113,0.04336734693877483,0.002551020408162125,0.02040816326530527,0.04336734693877483,6
0.8,113,385,-0.13506493506493505,0.7376368031466257,0.010389610389613745,0.0025974025974058275,1.6237011735142914e-15,0.0,3.170207152347615e-15,-0.1688311688311624,-0.02597402597402618,0.03376623376623615,0.03896103896104133,0.01818181818182049,0.03376623376623585,0.04675324675324874,0.046753246753249156,0.046753246753249156,8
0.8,114,394,-0.04060913705583756,0.8017948578944953,-0.010152284263958353,-0.005076142131978459,1.4346163146328195e-15,0.0,-9.584347204771859e-17,-0.1192893401015134,0.01015228426395836,0.025380710659899375,0.027918781725888697,0.032994923857868716,0.043147208121828165,0.03553299492385855,0.04568527918781758,0.04568527918781758,8
0.85,105,388,-0.09278350515463918,0.20062955385732043,0.018041237113402553,0.015463917525772931,-4.579669976578771e-16,0.0,-4.3107878378023656e-16,-0.09278350515463242,-0.020618556701030556,0.020618556701029505,0.03350515463917383,0.054123711340205605,0.038659793814432596,0.06443298969072056,0.030927835051545484,0.06443298969072056,7
0.85,106,392,-0.08928571428571429,0.13287637789380324,0.020408163265307047,0.020408163265305555,2.389581588158052e-16,0.0,5.082739784612045e-16,-0.13265306122448953,0.020408163265307876,0.06122448979591869,0.00255102040816327,0.05102040816326462,0.03316326530612236,0.04336734693877496,0.040816326530611784,0.05102040816326462,5
0.85,107,405,-0.1259259259259259,0.3237870291401953,0.014814814814815124,0.007407407407406015,-6.422813669804128e-16,0.0,2.723515857283587e-16,-0.12592592592593,0.00987654320987862,-0.002469135802468894,0.014814814814813355,0.03950617283950569,0.037037037037036674,0.024691358024691332,0.01728395061728398,0.03950617283950569,5
0.85,108,389,-0.05912596401028278,0.7153767570364193,0.012853470437016958,0.0025706940874025133,-1.4424225702747151e-15,0.0,-8.388472208520348e-16,-0.1413881748071896,0.005141388174805793,0.06426735218508865,0.02827763496143733,0.046272493573262394,0.01799485861182281,0.038560411311050306,0.03084832904884096,0.046272493573262394,5
0.85,109,420,-0.04047619047619048,0.9712430441986031,-0.002380952380949256,-0.004761904761900391,2.2709698704881376e-15,0.0,2.259043646590797e-15,-0.07380952380952639,-0.040476190476184865,0.01666666666666956,0.05000000000000366,0.050000000000002556,0.026190476190479067,0.04047619047619294,0.016666666666669543,0.05000000000000366,4
0.85,110,385,-0.09090909090909091,0.5128328203283503,0.015584415584418587,-7.806255641895632e-18,7.476658181460039e-16,0.0,1.7891504250355794e-15,-0.14025974025973514,0.012987012987011912,0.03896103896104039,0.012987012987014154,0.036363636363637646,0.023376623376624155,0.049350649350650574,0.03116883116883281,0.049350649350650574,7
0.85,111,400,-0.05,0.5179385081146504,0.007500000000000811,0.010000000000000411,-1.0050554138940626e-15,0.0,-1.0213184464813452e-15,-0.06500000000000612,0.0024999999999990377,0.0024999999999989787,0.027500000000000527,0.012500000000000608,0.04000000000000056,0.0275000000000006,0.022500000000000575,0.04000000000000056,6
0.85,112,411,-0.09245742092457421,0.6997846118076583,-0.012165450121654472,-0.002433090024329203,1.7415539496634658e-15,0.0,-5.311506443006486e-16,-0.10705596107055201,-0.009732360097324765,0.01459854014598631,-0.004866180048661841,0.019464720194647688,0.07055961070559666,0.012165450121654518,0.03892944038929434,0.07055961070559666,6
0.85,113,397,-0.04534005037783375,0.2652667989251394,-0.007556675062973707,0.01763224181360204,-7.250059927410568e-16,0.0,3.0661237437890065e-16,-0.14357682619646375,0.015113350125940981,0.05541561712846322,0.03778337531485973,0.012594458438286223,0.05289672544080472,0.015113350125943174,0.04282115869017507,0.05289672544080472,6
0.85,114,386,-0.09326424870466321,0.5882925728816031,0.012953367875647747,0.0077720207253895845,8.409072049797572e-16,0.0,3.178880769727499e-16,-0.10621761658030363,0.010362694300516007,0.015544041450778139,0.007772020725390738,0.044041450777201965,0.023316062176166302,0.04145077720207278,0.05958549222797933,0.05958549222797933,8
0.9,105,391,-0.058823529411764705,0.952047651355177,-0.002557544757035673,-0.005115089514066868,-1.1258355359089478e-15,0.0,-3.634245682171411e-16,-0.1355498721227634,-0.017902813299229572,0.04347826086956581,0.04347826086956443,0.04347826086956353,0.020460358056265567,0.05370843989769846,0.03580562659846452,0.05370843989769846,7
0.9,106,409,0.014669926650366748,0.8657688944030125,0.004889975550122269,0.004889975550122733,3.9898639947466563e-17,0.0,5.620504062164855e-16,-0.046454767726157364,-0.012224938875303386,0.046454767726162485,0.03667481662591714,0.026894865525672215,0.026894865525672024,0.04645476772616129,-2.2551405187698492e-17,0.04645476772616129,7
0.9,107,365,-0.09315068493150686,0.17162559149659048,0.024657534246575172,0.005479452054793902,-3.5648567431323386e-16,0.0,-2.5717275531356165e-16,-0.06575342465753355,-0.030136986301371484,-0.013698630136985938,0.046575342465753886,0.02191780821917795,0.027397260273971512,0.06027397260273919,0.024657534246574367,0.06027397260273919,7
0.9,108,386,-0.03626943005181347,0.7919277491277791,0.0025906735751299627,0.007772020725389475,1.0946105133413653e-15,0.0,1.8214596497756474e-17,-0.07772020725387976,0.018134715025905145,0.010362694300518768,0.023316062176167204,0.04404145077720199,0.0336787564766845,0.02072538860103643,0.041450777202072416,0.04404145077720199,5
0.9,109,394,-0.0532994923857868,0.4201587526064471,0.005076142131980675,0.015228426395939569,1.2906342661267445e-15,0.0,2.8492833092919057e-16,-0.07868020304567801,0.017766497461926965,0.035532994923858606,-0.007614213197969327,0.03553299492385803,0.05837563451776748,0.04314720812182833,0.038071065989848316,0.05837563451776748,6
0.9,110,417,-0.10071942446043165,0.18274783065916997,0.016786570743406615,0.011990407673861305,2.5695591487906455e-16,0.0,-4.85722573273506e-16,-0.1151079136690556,0.007194244604315038,-0.007194244604316637,0.04316546762589806,0.007194244604316148,0.021582733812948618,0.03597122302158201,0.02158273381294901,0.04316546762589806,4
0.9,111,397,-0.04030226700251889,0.9744397769072699,0.0050377833753133825,-0.002518891687657462,-2.074512436833764e-15,0.0,-1.196959198423997e-16,-0.1158690176322349,0.002518891687652746,0.02518891687657305,0.050377833753146445,0.03526448362720297,0.052896725440804454,0.025188916876572157,0.007556675062970595,0.052896725440804454,6
0.9,112,397,-0.09319899244332494,0.2763167117691421,0.01007556675062901,0.012594458438287234,1.6436504934880247e-16,0.0,3.7643499428696714e-16,-0.1234256926952046,0.012594458438283967,0.037783375314861575,0.0025188916876565243,0.04534005037783403,0.032745591939545904,0.03778337531486084,0.037783375314861145,0.04534005037783403,5
0.9,113,390,-0.046153846153846156,0.991202550532796,0.0025641025641026183,0.0025641025641024735,3.2395960913866872e-16,0.0,-1.8735013540549517e-16,-0.11282051282051378,-0.007692307692306607,0.043589743589744365,0.035897435897436006,0.05897435897435778,0.03333333333333337,0.0051282051282054136,0.012820512820512728,0.05897435897435778,5
0.9,114,392,-0.03571428571428571,0.721810193631292,0.010204081632658062,0.002551020408164564,3.127706427186183e-15,0.0,2.1658022597570437e-15,-0.08928571428571316,0.010204081632656486,0.010204081632653713,0.04591836734694017,0.030612244897960432,0.03826530612245052,0.025510204081633833,0.022959183673470794,0.04591836734694017,4
0.95,105,401,-0.06234413965087282,0.642838771755123,0.012468827930176372,0.007481296758104135,-3.1051550219984847e-16,0.0,4.579669976578771e-16,-0.08728179551121976,-1.2247147740396258e-15,0.024937655860349434,0.019950124688279613,0.024937655860349465,0.032418952618454316,0.03740648379052482,0.04488778054862917,0.04488778054862917,8
0.95,106,397,-0.04534005037783375,0.8542774325113878,-0.002518891687658086,0.007556675062972344,-9.426053687588976e-16,0.0,2.938187887435717e-16,-0.09319899244331864,-0.0176322418136069,0.030226700251888835,0.040302267002517655,0.03526448362720385,-0.0050377833753160505,0.030226700251888235,0.03022670025188849,0.040302267002517655,4
0.95,107,404,-0.04950495049504951,0.8754293738473321,-0.007425742574258139,3.3393426912553537e-16,1.1342923128543347e-15,0.0,4.3042826247674526e-16,-0.10148514851484872,-0.029702970297028473,0.047029702970297765,0.027227722772276638,0.034653465346533796,0.03217821782178234,0.01237623762376223,-5.594483210025203e-16,0.034653465346533796,5
0.95,108,407,-0.03194103194103194,0.359293298983553,0.002457002456995691,0.012285012285006912,-5.395423691156864e-15,0.0,-4.9146884478767916e-15,-0.05896805896805322,-0.014742014742022243,0.009828009828002564,0.04668304668303929,0.07371007371006873,0.02702702702702059,0.04914004914004226,0.04176904176903452,0.07371007371006873,5
0.95,109,398,-0.002512562814070352,0.4285467885230798,-0.007537688442212914,-0.020100502512563463,-2.409530908131785e-15,0.0,-1.6384463230600943e-15,-0.05025125628140512,1.304512053934559e-15,0.005025125628139426,0.015075376884420726,0.025125628140702815,0.06532663316582782,0.0326633165829138,0.025125628140702343,0.06532663316582782,6
0.95,110,384,-0.078125,0.002062323251643168,0.03645833333333527,0.010416666666666071,4.484260185400046e-16,0.0,6.745905917204809e-16,-0.12239583333332721,0.02604166666666828,0.02343749999999922,0.04166666666666711,0.05468750000000042,0.028645833333333398,0.01041666666666698,0.023437500000000465,0.05468750000000042,5
0.95,111,383,-0.04699738903394256,0.994459528835401,0.002610966057442457,-5.637851296924623e-16,1.5525775109992423e-16,0.0,-5.171644362755856e-16,-0.09399477806788778,-0.005221932114881714,0.007832898172325293,0.04699738903394372,0.031331592689295015,0.03133159268929545,0.036553524804177444,0.028720626631853957,0.04699738903394372,4
0.95,112,407,-0.002457002457002457,0.9624744474941975,-1.523954573645625e-15,-0.004914004914005953,-5.507747036226363e-16,0.0,-3.5453411040275995e-16,-0.08353808353807388,0.049140049140046514,-0.004914004914007402,0.031941031941029506,0.044226044226043454,0.036855036855035155,0.031941031941029915,0.054054054054051615,0.054054054054051615,8
0.95,113,381,-0.08661417322834646,0.8063173103175962,-0.007874015748029884,-0.0026246719160104006,1.7893672654700765e-15,0.0,-2.3700659490533127e-16,-0.13385826771652942,0.007874015748028124,-0.0078740157480325,0.03674540682414718,0.028871391076114652,0.04986876640419845,0.01574803149606234,0.031496062992125255,0.04986876640419845,6
0.95,114,404,-0.11386138613861387,0.4006790897906789,0.0024752475247526284,0.017326732673266534,1.3725999503666486e-16,0.0,-4.592680402648597e-16,-0.1262376237623739,-0.004950495049505069,0.009900990099009317,0.02722772277227562,0.01980198019801828,0.04455445544554376,0.01732673267326621,0.03712871287128504,0.04455445544554376,6
