2,3-4,5-9,10+
0.5791755920706957,0.9120986157029994,1.920274420958471,3.1247630033219393
0.39425496295071305,1.0911871639266923,1.8294256528911472,3.2097620057617604
0.4716479972806085,1.1639195834358218,1.9754178984660575,3.2608410590962094
0.5218805707253817,1.1703986196489402,1.6821592350692618,2.9493752815235728
0.48282004203060197,1.1772507249581028,1.9137429815122466,3.23213327070764
0.4938773908089421,1.2265109480206118,1.937916935840937,3.259774044071045
0.5288129771371584,0.8593840175515322,1.8510882624548886,2.801632569484966
0.6212320085282227,1.1930268192936542,2.032004810254205,3.0566898095417945
0.5462988609229145,1.0180163876138189,1.6318368793855667,3.1499943436721987
0.5664903472331921,1.196475265281021,1.8480111462036435,2.7617232175499917
0.6821432347172961,0.9631522558556767,1.9460433951323015,3.1215281524197525
0.4237746905966915,0.9978729250182724,1.961708410642132,2.5538777179276533
0.6362428971029765,1.0320744634799868,2.089581110226403,2.9826470394119715
0.6593507858435417,1.1316743816940624,2.1944119940836475,3.2315295286893364
0.5232256883395067,1.001315584517127,1.8513683538575616,2.6731997663966314
0.5667357048818348,1.2862748150042949,2.005273057320256,3.3065894810105925
0.561604986491358,0.9594285765837784,1.9463914312435937,2.8990127705137816
0.5517126480536485,1.2645055100551874,1.7458457002562928,3.134170241592472
0.5643705558674998,1.0294323014056816,2.1819839973987856,3.1844431292224864
0.46455868222322844,1.0938367015688983,1.6203469053250934,3.0506612615036963
0.5763249040129967,1.2338076018380073,1.735736802316208,2.868061164768051
0.5148433106934643,1.1596463577056422,1.976076332515949,2.773194450391705
0.6468214335363346,1.1122252085283681,1.926308290409393,2.867322521687064
0.40018023097009014,1.2452559752157146,1.8315827524189723,3.010796753742393
0.6643724526868716,1.1170609987657962,1.8175258424343408,2.8479124983760644
0.569156755342423,1.077529251529308,2.1538221778782076,3.229077246348376
0.5838832709648247,1.2547153946703478,2.003604861807108,3.2758540116849693
0.4449619885034364,1.1925240673199848,1.8583840620098324,3.0673766656612718
0.49414855579587874,1.0612651518559268,1.8151134694959943,2.5774588018689184
0.5960878507770683,0.9448312857601934,1.9468402798956845,3.367026495578228
0.6086344550583744,1.1036025821843196,1.5072895024478898,3.2064045834355124
0.6334399300387784,1.4891188818625598,1.6222791721147536,3.0411026285099476
0.6177926017543531,1.2099004094013133,1.6959976375044212,2.2709239102333747
0.4683978216914055,1.116215571178339,2.028244056420885,2.596789993702884
0.5366696234894939,1.082727408742281,1.760847851227899,3.207052072646556
0.4958105664968276,1.0330234277960681,1.6221824163852006,2.9309004395531377
0.5216103837416137,1.122235852844888,1.8888100608272835,2.808006159928689
0.5522456898412864,1.0527376019115577,2.0393875898225224,3.076307271584225
0.570277077035167,1.068531476253838,1.8856261268954801,3.0688814067645542
0.6312433632240356,1.1464409545558734,1.8122937609559062,3.1502793166622802
0.4497189377490925,0.9796818491165202,1.8786641425545345,3.254187946284961
0.5778288758690497,1.1560163166631592,2.0354859763307833,2.8392560147928583
0.46146800973622665,1.182706360210271,1.9454272556227274,2.8486982192961015
0.5803392722296544,1.0781395598677515,2.037839339713326,3.1803825752003823
0.5637434250474092,1.0900695705960943,2.0712448064540063,2.835485559554543
0.552694178201793,0.9855170929231369,1.7925661259942676,3.271064656443551
0.5500131416394438,1.1554801938160735,1.9324324663653412,3.3780925264665256
0.610908770631666,1.0632932589817292,2.1119153072702797,3.1509115603401567
0.6558141416526339,1.213135968107009,2.1294701659419033,3.0038773523607794
0.4446366704557314,1.1961220862081026,1.7759147571591183,3.3193480635973684
0.5235547675636938,1.2929110011041685,1.791114753408807,3.1118743895066534
0.589340616172837,1.172056505654793,1.9940078898053994,2.2296773127455984
0.6037618651146998,1.0268956026831488,1.7640408835529215,2.9159344470522144
0.6217409602326344,0.8559799182506982,1.7827086127369438,3.0501107861457983
0.5134634889790615,0.9778595566914013,1.7438076809898622,3.266575063631742
0.5933751996503228,1.1589589364492392,1.8134394282301614,3.2612778208582767
0.6482583958801298,1.0531788800249,1.5936635816384273,2.5184590908809246
0.591873085679334,0.9565241391353141,2.10951034362208,3.0370253639994553
0.4968237265158966,1.1164711734741164,2.130497720816816,3.2938176991282164
0.5851636156443802,0.9584297151346102,2.1108789610942247,3.419727947760722
0.533932677460726,1.0187015976452876,1.6925379957793631,3.2571461522435294
0.6557556054026507,1.101330824549767,1.821906563215266,3.2609470187532787
0.5155247823860127,1.030012939363395,2.1495481387560544,3.0572769418976744
0.48448751523229444,1.2247209784309367,1.5417253772234492,3.029654761745684
0.5632894709637782,1.1935317905274938,1.7867813118532054,3.1842196237806077
0.6053379244887249,0.9671002916852225,2.0005618766043725,3.124042174572687
0.5927232700368104,0.9030318828181404,1.900833854055113,2.52801123463641
0.6297353337094698,0.9835987679167701,1.8456139869501687,3.0602495993522485
0.47443825648789517,0.9816941457189877,1.9202964396493727,3.04114953690422
0.7529674230641904,1.1174449083820188,1.5785187013478648,3.073647542649955
0.541497972955349,0.9968607200881879,1.864023013827932,3.297553751587885
0.5859499823271155,1.1212416263739766,1.781714297050739,2.920559463495104
0.5758401113100395,0.9930192331579071,1.7345468951146334,3.225528356006179
0.6124591677136142,1.0098561340941403,1.87335688858427,3.0760181547542604
0.584300973875178,1.0162798518260778,1.5349933112984386,3.362678435720506
0.48425016734323356,0.9839122858963699,1.9122888387954626,3.2095937867981714
0.49571540745641646,1.173276924839538,1.9689391541521204,3.0711081949342596
0.5144973827794328,1.24028535029907,1.9028045614558948,2.8621784012413647
0.6825399221910106,1.126468228669123,1.7511388669152554,3.064512271606995
0.6136552354883923,1.256447476239444,1.8025263173431836,3.240395036552566
0.619111484451186,0.9086001405181806,2.0674788485424838,2.8722092003939146
0.6714492454689412,1.2314862700881675,1.8305422629920125,3.037786408482273
0.514288063896934,1.020060034304871,2.084218884362549,3.2857465103767907
0.5739418165761718,1.0850731429139244,2.1125122408254207,2.9476100578764095
0.5194282345972198,1.2519376078320361,1.7587321785523415,2.9633371068238707
0.4358727508863987,1.0746978067834336,2.274492310701011,3.1354370690860325
0.5611164384183716,1.013970400056299,1.8017582110799897,2.8917670487559124
0.5728317707083486,1.071816965532519,1.9051469301509334,2.9041692750708368
0.6086286039251424,1.0272021960309259,1.992904913550516,3.2734740782341145
0.5363401697217671,1.180605553461699,1.8833934211531087,3.137780044521752
0.48580248455254577,1.3000534870203915,1.6288700034397658,3.349855902308519
0.5955602096227622,1.1277670769474082,1.6030849585521458,2.955779769902064
0.5425318547872916,1.089552814567655,1.8871440269176964,2.5935191249626626
0.4752960169153008,1.0750558071449139,1.6157242853808207,3.2112460520681307
0.5089017868737532,0.99678805041035,1.8471242403197308,2.7063127370322926
0.6310268404806764,1.2651870888722283,1.9184315761747688,3.4308217513821746
0.6072966583002998,1.0760963737553815,2.006854281586491,3.3010642388617595
0.6769732152468321,1.2341113849561647,1.6775621486358627,2.982000097545701
0.6322284151772923,1.0946752000257536,1.726156633861083,2.7421633956254228
0.5177531378601822,1.0286637589187428,1.8190686799009466,2.8454519447807964
0.5422558714734118,1.0472745147487845,1.8795323568094078,2.9378031790180494
0.480927538551227,1.1154596313674097,2.215806225334511,3.21459520617051
0.6092566150982807,0.956477437149909,1.5899815627891642,3.2291101721004525
0.4848876235397067,1.1237948037953196,1.5188611207661218,2.851277235059758
0.5755156223499411,1.1604076508674377,1.7095981763702068,2.2014739605117266
0.4709254827363249,1.0820356748016202,1.9184652033274459,3.3233141954634293
0.5426659969189367,1.133104141014578,1.88930611745682,3.0198158835155073
0.5697218813144191,1.207594191888476,1.5448350353414757,2.7242497906725123
0.34039492785310904,1.0292731805251798,1.701592656585755,3.1518720308301234
0.5672092479449652,0.9809864530083204,1.7245663229513166,2.342326168523903
0.5327450503694535,1.0320209002843679,1.8072181763238473,3.0468797924390847
0.5232357644392633,1.211652050144522,1.986141583241898,2.679949314152925
0.5302860905855699,1.017943829424387,1.8425541895924633,3.1258718332063005
0.6130092359270395,1.2642489729097,1.4753610117310272,2.8458165591306854
0.6310268404806764,1.2160144195778855,2.065685484103494,3.0284089126195894
0.5089536350092779,1.1527599926450764,1.73196137009363,3.1776409837341744
0.49345002911802643,1.1254992560143646,1.689119220069526,3.137134299376248
0.6007129236869878,0.9753664720292106,1.9821914489128485,3.016165440401035
0.48155291842619485,1.1339345763096842,1.491972072403305,3.2466139033315855
0.4856559994644369,1.062690298266361,1.7591438548057736,3.410000011878517
0.4662175668116412,1.1609636535545793,2.015804073548746,3.127938795278227
0.587534680523817,1.1830596542705634,1.7749186211925092,3.1941459920577544
0.4835314464780188,0.9775580536045705,1.8490146976690676,3.219945870366473
0.5919027547023638,1.1003551230210349,2.0072644331723253,3.0641692690821443
0.6109220592831007,1.2215120078205668,1.7690599838373795,3.242530749891318
0.4696429553068203,1.0091153830918065,2.252268080956915,2.9899356393768284
0.5504724381150904,1.276819336919776,2.0348613981953028,2.8275239527918186
0.5408458231953756,1.0397672921099372,1.5224291674392247,3.243132284955953
0.4536851876643526,1.0514317258275991,1.7077458205418152,2.399682765259599
0.6916240758645461,1.0385057763491645,1.9743436458747186,3.268227070418155
0.6110622192816589,1.1380820156397302,1.9939812263567747,3.279206795649586
0.5775198994066478,1.0196711154613267,2.329672197536038,2.77816049810667
0.5335961974982072,1.113070969204606,1.7439700687242283,3.2076058411542836
0.6045256982597732,1.1803675856923068,1.6886541501917436,3.0556053260682168
0.5179578814933357,1.0716822678641995,1.8148741462571962,3.176428984502439
0.4817234482222383,1.188632997706651,1.8216085827227042,3.375404375480335
0.5342370529524145,1.0585378522817173,1.9653237072127647,2.816554063880827
0.4192115126646831,1.0510978012455554,1.997481893038968,3.2220360487154047
0.5465826224506574,1.018069653338879,1.9505578485828776,2.9818457407257917
0.41684550359345585,1.0987880296691628,1.9574986227750202,2.9814361322675915
0.7366966464860377,1.0441818626242845,1.738368767393774,2.9895597048419758
0.563620904805239,1.0983431854558567,1.7665849974328838,2.8777493781635615
0.48282004203060175,1.018663634380651,1.8635408637651882,3.0839744269993017
0.48022213525135615,1.3716172351911924,1.8405352592106226,3.3192764269165234
0.7037138294193974,1.0892010500301668,1.4524916333917146,2.942545460023433
0.46093692485281856,1.0495990470310395,1.6610248432290766,2.981665484316152
0.6064432429370056,0.9550832853020134,1.9939505604498438,2.749798023252931
0.5305997115380201,1.1618500090073483,1.8728517391239279,2.766526950156596
0.5985224637933241,1.0953335449854482,1.9243526584576578,3.0723059190527326
0.5543490340740873,1.1015612317384815,1.6683436748129616,2.873243557450887
0.4802417692846593,1.1223843766249435,1.917917992956533,2.345352221619287
0.45395021903279864,1.1179106117744686,2.0943501951821246,3.499611322285295
0.5070757446062577,1.0996377864705813,1.5327422409666007,2.9956338133652993
0.6859884161614769,1.0875835639919165,1.8715204473196432,3.0716591551483945
0.5184670252294293,1.1306911266823396,1.9647144435545245,3.065014215544961
0.5228052062249583,1.1215651738525745,1.4955428326049842,3.0300336038053675
0.45444345838550765,1.1153531927604339,2.1059904791690034,3.098211167251768
0.5223640293834686,0.98644653789529,1.9774578713276654,3.0281446424955387
0.4469628384087335,1.1845196855063105,1.8271927184758183,3.1288072988649382
0.5570464715907936,1.0873778578074615,1.535541107621426,2.70608358957761
0.45568492012799705,1.1308579921128,1.961286715399858,3.2047829540931656
0.4979374514847756,0.8948984179884227,1.9715056441860062,2.7686834533891833
0.5000114149440551,0.9962740996365964,1.6760988071147342,3.1828286862154513
0.5344335848087362,0.9999750141649087,1.4747558867613801,2.6921299187500667
0.4937802666917207,1.1063090804301243,2.2142709924361705,3.1379071178545437
0.5341651264255187,1.2692556065661178,1.9518240543136607,2.9648228569959234
0.4990478781544467,1.0876461333170198,1.6165006697949849,3.1466354951458344
0.5650211087850121,0.9359792779282631,1.7755412146196907,3.2839212776235485
0.5043755268831738,1.1911301980937608,1.869722732132904,3.1597677718244306
0.5980222083206816,1.0384852871570076,1.6642707872622577,3.1242422477772314
0.49496917096216386,1.1923265167469392,2.0464350571995285,3.0982948288731107
0.5570464715907933,1.0137739664936447,1.9533588974730172,2.9386954850016744
0.6606359532736845,1.0898352381450207,1.814977763611139,2.9244448334840727
0.48227522517985616,1.1942059740543682,1.7614292334866355,3.583162453503951
0.5388942760862359,1.2077227232173438,1.955312523298669,2.598432167535109
0.6669350921736417,0.9268416043104439,1.620579706517398,2.9822981688366865
0.5726530021232787,1.0176613556339065,1.6756762420286448,2.9481470066334703
0.471632901778545,1.177854600422131,1.826727913198634,3.0484880935199254
0.41904674331297354,1.086126258846301,1.816299474626403,2.8956227551195206
0.5745640122439677,1.0906589493640646,1.8352108899724209,2.749886362649187
0.5905167339333982,1.2058580874184828,1.9771948158908612,3.159785166021237
0.5621750038534362,1.0244734851500077,2.0733986285120474,3.583636783386128
0.56754838967422,0.8295307510112452,1.8099495956979446,3.432532423857055
0.5189075882784371,1.0360062198784141,1.8216390945340548,3.3058118301908643
0.6449151732127016,1.2273031518391555,1.8720784161319866,3.029071929462012
0.5780245700121642,1.1116027109347453,1.9967621261916886,2.8933862975025093
0.49270679833358494,1.1600279559341384,2.034989301619338,2.9438752398438446
0.5443936625897856,1.3717050506798807,1.7503616619049884,2.864959948714602
0.5456945529233119,0.9574905244311164,1.8665075818175179,2.8205083899072196
0.5095776082099235,1.0625635030487597,1.9718945081794963,2.9384278426406296
0.414886446514462,1.1337042308884262,1.668342755391193,3.1456651179355566
0.5859625040413227,0.9335863639070252,2.1553418695794346,2.581023859856215
0.584300973875178,1.122738994379512,2.2580702886663606,3.14281906824606
0.6039496224578712,1.127897983607384,1.7499033766833088,3.197665762117328
0.5381277125328932,1.1052760306307507,1.7473212381472178,3.098228255850257
0.4525275892522517,1.1890539332282801,1.9171299295087756,2.8129542926475564
0.5352114190349728,1.1128770057845319,2.167911146429544,2.9335866566822584
0.49192987758214995,1.1969281170821628,1.7187472562871164,3.2478672930686723
0.6394178484304377,1.0481551022455489,2.0270285419681886,2.951185469440209
0.6503861984578626,1.131935402190661,1.6997576916838744,3.1485816127271344
0.5936422344999329,0.91280683048252,1.7319549884412686,2.9307506098652714
0.4821757989910989,1.1217653892291848,1.741674023111197,3.096666375998497
0.47835987382659706,0.8891140930863305,1.5775750059460287,3.186367957326589
0.5339168311315147,1.1737498819557324,1.823597937558972,2.973455950388048
0.5664865738082439,1.0820319107560266,1.8269786081592778,3.008238010979144
0.6112237786338158,1.205475137829603,2.009945767733522,2.6506319111720877
0.6724998251196364,1.1939225434491696,1.9665612788071876,3.2545886871307133
0.4489632486433405,0.8557754344514935,1.843461287706239,2.582965902763305
0.5313650693328492,0.8657252749304315,2.0464357969031277,3.006339313823276
0.47780317801943895,1.128839342754047,1.8313111445917385,3.38480646173684
0.5427418411297568,1.1757476099580866,2.0991580506786183,3.019383443966821
0.6415665427044084,1.0969397192959478,1.8760468826147894,3.324939107331004
0.6005105430314999,1.1600825180917773,2.0229685889297753,3.26185826381406
0.5851636156443804,0.9892485419613092,1.9130401516381563,3.3747593916829017
0.5074094563746521,1.103124546736285,1.7915012289025518,3.427502838111171
0.6235090056178405,0.991548394980342,1.6764336940423952,2.9322612799369465
0.5347239731171831,1.0548747616671599,1.930501553868534,3.0957488122093593
0.5626190098332733,0.7573429453353508,1.6846899881933148,2.8131987994591134
0.622104137018244,1.3327039707116348,1.9678993613900606,2.9639358885025735
0.5828030891787654,1.1009336545495312,1.9193357559459836,2.9380832187070913
0.5295833767824943,0.9881636522338622,1.9107222656606089,2.992186710990493
0.5624535239849481,1.1864151293287781,1.9218126221840102,3.2267448542660513
0.6236166385176656,0.8683537251999947,1.7692129529181118,2.7751602696857
0.6063757537806875,1.2259985506524067,1.937614809054952,2.745928391377856
0.5742878116862651,1.2367838013829056,1.9876527777243216,3.163036787480963
0.5532321443785101,1.1149254270452928,1.9044697880243975,3.364780223498611
0.5525792922377127,1.1233625030496688,1.6023405677584897,2.518785179117719
0.6023854643232716,1.03419053229714,1.8903538267701507,2.9773164393395715
0.51004713979298,1.280865534573996,1.6060024787897111,3.1961766336521875
0.5584235521843195,1.169917193857107,1.9103419224932097,2.9882442416962145
0.568290410613008,1.287787021251599,1.847209456424874,3.1934433047755633
0.5293299199024638,1.0818474313456248,1.6938637067543723,3.206863374767531
0.4444797739183115,1.0849127077147085,1.7917376747780778,2.6851828988863566
0.46660265102142623,1.1240059453438531,1.7532948855557082,3.014966268553628
0.6251148376675307,1.104795438865446,1.9770016014670624,2.8279547211483345
0.49812804564557384,1.0983140546564265,1.8303257847172087,3.2203824617865715
0.639290688413214,1.0963963147995606,2.2739156942124787,2.7641311666552952
0.5307489129363916,1.06180032827727,1.7918554369332638,2.715361138329926
0.5632875858148723,1.1170352744432026,2.0545763493483937,3.034570164711009
0.584619574877722,0.9805443103170519,1.7776097703786773,3.3124153053429155
0.4993349258962803,1.0821170015401598,1.7027359825178126,3.278676909511808
0.5732422273753502,1.1609653005348757,1.5869167419173262,2.975114328689506
0.45489363735125227,1.0321821541521172,1.7655802290665301,2.887655379352619
0.6264913761206713,1.2006489980256225,1.8856307413709974,3.1899302562123326
0.39258043284531663,0.9477761369929598,1.9511266995194945,2.9273809417183143
0.3844068994943084,1.198414350975773,1.8010719781131121,2.9171176814232322
0.5818408552984665,1.3048847152064864,1.7813129429323928,3.0895855595507906
0.6962964862592325,0.8911062003545639,1.9839240379471017,3.130819164083954
0.4443219436396903,1.1047577484590665,2.151807711194058,3.4262060672501224
0.6142678893342364,0.71221384700996,1.6666560964776649,2.5776373905247127
0.5719299955932213,1.2356016896210977,1.750184095260876,2.732877758289944
0.6002059197965989,0.9954496193922581,1.9514450683065463,3.3161897144193335
0.4534475990322161,1.2065381840826945,1.7710967640867967,2.891108549195459
0.5030351933898662,1.2818006579756238,1.961158685198524,3.2025221642605164
0.4954274659117645,0.9551447378091178,1.9511753224416968,3.014777293578569
0.4528618015716129,1.180068472102673,1.9749069108620052,3.1130592683697884
0.6418144631709296,0.9976789245817274,2.0218269607019783,2.9782187702485086
0.457012973528626,1.1234723831782591,1.6585491676353543,2.6878535770294683
0.5476471081829313,1.0432470216041516,2.153640632856142,2.618354276426142
0.6461266411684305,1.1222535764435204,2.14707404400555,2.922796702369686
0.5221965757577977,1.1689272485572286,1.813243202192794,3.1086707779221547
0.5538381653757444,0.9770463229987046,1.7843262962222755,3.0868430864740937
0.5065595934813454,1.1609711362412087,1.8339003861416308,3.363487385546692
0.657567325306353,0.9755923673449092,2.136975006973812,3.2841757756822156
0.4999095458282562,1.2089808082042206,1.6768993554285365,3.437173658757331
0.5623936085661716,1.1345033850704969,1.741714742069985,2.951098314186504
0.5350935641158405,1.1290450014762714,1.9597533282434643,2.8481138258261214
0.5976237427236247,1.0451483168174829,1.9439815354468541,2.9543309007848197
0.6695298198299339,1.0496680762646573,1.9943366974591443,2.8997855629101132
0.538499563819629,1.2365915687477531,1.707410251039488,2.8434356751426093
0.5526149103190462,0.894892260255842,2.0345438879575637,3.655276632692712
0.5313650693328495,1.2554385524226601,1.7646320045824453,3.002480389212214
0.5344549937088833,1.028811762464834,1.7629134940447146,3.073642094119948
0.47041558598362154,1.1008373716838022,1.8238682644972481,3.012502890564418
0.5632782956133586,1.0379146973237545,2.007624584332875,3.2049696155634497
0.5504139038014148,1.123358683511588,2.014091841570957,3.2769223420103524
0.5665728208201767,1.0602632809526114,1.6415737637849988,2.785735131594568
0.47613804234062507,1.0752514154325097,1.7708428635049827,2.9249439232968335
0.507326643832903,0.8949807383116274,1.7479088838729828,3.3264890302982093
0.5648761845704383,1.0920425133973006,1.8826071092334953,3.3910657295835445
0.4261823944030398,1.14950099134163,1.9889073660252778,3.226215820124377
0.5355317757178183,1.1175608235542254,1.6886764753547603,3.0543245594760338
0.4435553674482052,1.2330144452584773,1.772504845154103,3.15143190252412
0.5355456651203345,0.9454726210260034,1.8871282293983374,2.931570047859761
0.45058695159240625,0.9053383963139212,1.8958681883834458,3.134402172554339
0.46694326981552375,1.0862759268456879,1.8796570865060362,3.1111154701694166
0.4134278441707124,0.954196945859448,1.6102209365694973,3.25690039129627
0.6785832501977368,1.0523617513951429,1.8116210715696415,2.928626804494575
0.4570129735286259,0.8583893835001659,2.028467948274634,3.238224247620432
0.5153853213556945,1.0078364646109261,1.8493588032734973,2.8165786130975055
0.638571491881591,1.0719958656433035,1.687655725428225,3.362743114996986
0.7249434421822799,1.1766528226276478,1.76428135860712,3.1653357318316644
0.6109675111730674,1.0883657395594117,1.769205625023632,3.1396218528144506
0.4738340277698167,1.1014687822171245,1.9705332617554783,2.7116356387118836
0.5692104345006467,1.0084503902501347,2.003268792642754,2.7747618649137564
0.6166672405825985,1.2729683477968619,1.6683844487209618,3.0254121071637474
0.48933847523869106,1.188479014357963,1.9967948941358196,2.6099063098762163
0.49994455177883934,1.1093127665322575,1.8778117453080183,2.9070469045344307
0.5235319122114013,0.9298870566982566,1.729930370606127,3.489252084206542
0.48828950060647525,0.9875512470452485,1.7022147368250404,3.0098115074990996
0.5767073105449254,1.1742903827007316,1.722237545833998,2.4787430884585238
0.6121962609862409,1.0297290172395468,1.702561110134598,3.3224567470300754
0.596566352554165,1.1604893758138384,1.5979143941222294,3.0606042507424487
0.5976060689741879,1.14230328222038,2.1629632049473115,3.5755564317418576
0.6326905745485512,1.337113335773379,1.992411245934082,3.03309273293274
0.5632741646488566,1.0792703746803218,1.7550969232090734,2.4847029433612886
0.4261256178689202,1.0313522848040384,1.790875063476363,3.424657940140296
0.560192397861441,1.1022685159486254,1.8091870561522203,3.233889450241122
0.5351912129137958,1.159395601905576,1.709898483202018,3.267784375883194
0.6232328902421588,1.1220519036359629,1.794791724247138,3.2356458169801283
0.5266378871863006,1.1568518648029569,1.8262493069396322,3.2689286265821536
0.558054857197948,0.963985061404653,1.713897870775811,2.8431022182021457
0.538637088758966,1.0150891500663595,1.880647175721718,3.2365937603090016
0.6663625903729057,0.9385697793693084,1.5986645875869538,3.189224513260165
0.6873154221072287,1.075651020398088,2.193505921464776,3.19123816640794
0.3715225902115011,1.0882073025778973,1.9759606565510117,3.068639458937669
0.5197274508455195,1.3031607581465319,1.902539193249428,2.734604558913916
0.5254911486493113,1.1534966866075131,1.8755312949774794,3.2936490799523614
0.5541237864310077,1.0731368277407227,1.8382908176660675,2.9463578667887678
0.4954016576031963,1.0597635990201268,1.6982871098493895,3.148769187475612
0.5446496480715901,1.2108819637564867,1.9612544859948082,2.729334257055564
0.4735329435103199,1.248197244269748,1.6826716649841622,2.7683447762363294
0.580794962136675,0.8786697142898682,2.0477737590849694,3.220986867221213
0.5436107411605641,0.9396325295137791,1.95110165202774,3.2818560885016623
0.6218158656034177,1.1092880208602558,1.8516441699321762,3.2473603269494316
0.5642761914319451,0.9757856600964004,1.9046039010820326,2.973181535771049
0.4758954772158212,1.0321782859905626,1.805101250277274,2.8394258265748187
0.6000449907178533,0.8791089241933941,2.0219913531533598,3.310636188391498
0.5737111197584451,1.367065667653564,1.9873536511388752,2.7872988823428684
0.6094768676966915,1.149613356702848,2.053829665156704,2.811837984333761
0.5264356939352297,1.2771141189853774,1.6076034438116575,3.083857924232861
0.5357219498088365,0.9098706564197718,1.9140378222645564,2.7550377874670384
0.5500131416394439,1.061562981164236,1.5580591211653514,3.07783599170659
0.4788192110075992,1.067430658982839,1.9308406553724466,3.1547270276503823
0.5622799775250906,0.9922560365792604,2.024093491603801,3.082928342406883
0.5610485718869049,1.1526113166627745,1.8059684050965865,2.570375465339146
0.6467186502290083,1.0026484123198571,1.7505472554708095,3.3000073484251162
0.649411949056865,1.1255977061302989,1.9474038667523466,3.343142761172629
0.5374182772756552,1.264274659699131,1.4835010338652672,3.3020089437923876
0.6138025017816602,1.297720194269904,1.7387590528547963,3.243243994310837
0.5472793060925598,0.9652611126790738,1.8450786741272218,3.2423966382202547
0.3410311378797957,0.9648135624454174,2.009868064147153,3.3583105709660694
0.5671003701942757,1.084906620930825,1.7750020431538496,3.1075406231662215
0.5763249040129966,0.9984959873867029,2.0862534917394537,3.182545132344881
0.5982735527777265,0.8853061515001431,1.7038299148031573,2.995383929255963
0.6040306334646419,1.0040465757999797,1.664650931613303,2.374044822080679
0.644108433810369,1.2431843811630399,1.6797980287511445,3.059470126736733
0.5778288758690497,0.997177510112418,1.9649836154211529,2.7669030981851073
0.5787631780922678,1.097529340038389,1.7569574477291423,2.9849089693794335
0.5706926398135679,0.9709652982918149,2.0403620720543665,3.3569738510937013
0.5083315678423617,1.1186710428688187,1.9945650382193163,2.6171910842022483
0.6579942797544917,1.128099545088522,1.9133269321624278,2.860442499782642
0.6083094382556316,1.1758280478286014,1.45999022919418,2.8029653559974284
0.5810731368817659,1.1412995580977574,1.9317607299437956,2.8900095736411786
0.5631620864809345,1.0836722375618053,1.9904950733093587,2.2402065566226343
0.5290060857027422,1.2233730694199134,1.675903472521266,3.086046797143416
0.4975028491304623,1.130025169247331,1.8401798012396158,2.4482944973264704
0.46765233822494595,1.18683564394707,1.69349147702571,3.3044517009452057
0.4788792350240137,1.20976169557899,2.3595298584719466,2.6180503215403625
0.544053938564931,1.2828787845086258,1.6506053896562223,3.3733345877528502
0.5606334131813548,1.070541688445113,1.9551978529119198,2.8693437489297664
0.42352416512023733,0.8881851480230247,1.8144170258977381,2.8201073829533283
0.4543548190851665,1.1438676606602771,1.9528800645106077,3.1967422190255794
0.554651485067291,1.2650761668728716,1.897236497023876,3.0148400065171153
0.6235090056178404,1.1584018724384775,1.6706494614287557,2.869472284422943
0.5754027716816476,0.9505550177778029,2.1202398548961434,2.5702821132320257
0.5150384954875992,0.9251518087192394,1.7730024677710463,2.9093638183195942
0.5955015266364547,1.1206199173053946,1.910696697858153,2.9786654124405825
0.5729046633885453,1.2361489081254677,1.713401694278475,2.6590613538193217
0.45584136601850384,0.9312940320396441,1.8893966836501281,2.8233477713055533
0.588821456578502,0.9508450434777652,1.9386283106719329,3.065484489062922
0.46424271254494104,1.0428772193864713,1.7949169366921673,3.5168123916617486
0.6397075524904232,1.1224194619356447,1.9506121464744919,3.2306024700905303
0.51420736056336,1.1926436448537348,1.6972394394373873,3.3509744352669744
0.5149268928966815,1.0487104648894592,1.756483266701493,2.9205039050493293
0.600345653783185,1.1766639376658545,1.8168798323695807,2.970533383692257
0.6457181379693437,1.0777595225756915,1.997800689763594,2.9936347973437862
0.7347600414565983,1.2349105375353555,1.7015404711661264,3.1441615298827976
0.5161744521819436,1.0843238154881238,1.981246775243538,3.3074494556294405
0.531730838115611,1.131276398160269,1.9191419093676123,2.8236999475177917
0.3741760742466327,1.081175821178711,1.6771190510847518,2.9124214243591524
0.685918607532776,1.168085003231794,1.6113737646793618,3.2307687665678992
0.5110281700228368,1.1151066694103915,2.27079803705815,2.8941012873010283
0.6785783428132908,1.2784885432656634,2.041906464364862,2.6191950412106824
0.5795361167332903,0.98060319268571,1.6103180345552404,3.4129080862801247
0.6790596654003502,1.186168366214151,1.7867850165003818,3.25152635080364
0.48403574372896235,1.03378863135404,1.910409995439913,3.100890421904731
0.5831325889204222,1.2594006152336084,1.8570478061794093,2.9245345467559494
0.5200450405149545,1.1341065656836065,1.8001411704559667,3.083317196447148
0.5157052658988079,1.1782881274404793,1.7106192124110224,2.4821538774165885
0.5282462562731293,1.0928466186641936,1.963850983826784,3.1023335375290477
0.6072389205906372,1.0083272209180478,1.825538072284784,2.9861518079229827
0.4891387884782804,0.9759749166470183,1.7366893945158313,3.3431870067375824
0.4674858378879983,1.0683827267341943,1.7617116254464822,2.9540752160969075
0.5382882167443273,1.1356555116949794,1.9388847596833152,3.1060833897167197
0.47816464501037415,0.9528543353838285,1.7738074965645514,2.8512607661489207
0.542722117710599,1.1357497142939972,1.7576379531880708,3.147499312066292
0.5281933818449208,1.0747694186676875,1.5692479053364998,3.5463135773073553
0.658477174298356,1.0390311977112667,1.6021777313866394,3.1209437547256913
0.5609789157371563,1.035673654029497,1.9248143345698012,3.275046163427584
0.5267108745437398,1.0937922764998205,1.6644631070746059,3.2084086208974107
0.5918215353483759,1.2079087269298632,1.8622778678186305,3.2457513063283887
0.561697338991538,1.1068700852022497,1.8138725879052715,2.538060142519179
0.6476889711583917,1.196711555116687,1.7796871858000356,3.008504150988906
0.6175337818774247,1.1270010822814929,1.9738617096102207,3.0738466147359844
0.5337314653425411,1.0726263512887613,2.0509448979402265,2.8441744465392946
0.5756760468138726,1.080089211260023,1.8707269178709798,2.973502118179791
0.5465868188934262,1.1386660706246352,1.8749223015346612,3.0118994462644353
0.538637088758966,1.160201931868461,2.1603993544150852,2.943919065326451
0.5030707366799516,1.046256243797872,2.035543021462768,2.7614059440424725
0.5891481245151318,1.0813861047267221,1.855824052001634,3.1777103964311193
0.45052330667906815,0.9685545459877857,1.6608566780397962,3.185001605439763
0.5758401113100403,1.1066191230158462,1.6712672737440855,2.688840503628022
0.6246724889792714,1.2021900169878998,1.8584986350368473,3.1849351314086336
0.50219290972273,1.1655709202263425,1.9007427235305805,2.7615061953449134
0.668345567739028,1.0306080842868013,1.9068421293519697,3.1396633457390783
0.5376923625178801,1.3800419511992044,1.9773621002702109,3.24565901466493
0.6417763871174272,1.0815316107302744,1.9996776123313633,3.018377885297251
0.6118695294954897,1.0057332727650703,2.0343562274937455,2.7478426031406875
0.6029409048768677,1.0910326961835883,2.1298764192789097,3.057976519286975
0.5824312525978822,1.430704490183505,1.6214275010206665,3.1172751236949026
0.482424114244328,1.200503766314387,1.8034085984051513,2.857237547897404
0.46079177119033776,1.134768439120541,2.0712276031969923,2.852424080621577
0.46470250638648364,1.1797668563814065,1.752592283493563,2.7492574377795043
0.5835479493611683,1.116023004972669,1.7160054925267418,2.8824207275266134
0.5549628420621255,1.05265583406987,2.1036239126767233,3.353289056254211
0.5471144907646821,1.1446509951081738,1.8650289843185222,3.200327533772725
0.6424329120888457,1.1261922539771023,1.810786457983435,3.204088314788977
0.48566517375917373,1.182791483677338,1.8637169723834586,2.83207627715068
0.5833943929301547,1.2891957263025549,2.0240261993498323,3.4278681872900667
0.5628310825933973,1.1492773316310465,1.9709607842990018,3.038000826703304
0.7226321896016644,1.019749987052023,2.0897504718072035,3.322308655348341
0.5333900526016547,1.1147596733355232,1.9570546119424923,3.2878923963236573
0.5835092624306338,1.1051301284526869,1.8698767555872047,3.008984019057679
0.5314548664533901,1.1996803082204353,1.573533851091268,3.161604194324543
0.5492316966251729,1.0964835510205881,1.9675153430689214,3.2978260587875172
0.5702770770351667,1.1715623139386888,1.674119174042403,3.1380215055872243
0.47953476104658066,1.1508651686048768,1.9130572865788649,3.4848669279510482
0.5054323305611099,0.9525712711542998,1.9508545970336721,2.600888500784667
0.5585009572792428,0.9549159504136538,2.0418834227406233,3.1603784539580255
0.4330738993482207,0.99310748696867,1.760849755596074,2.929603183311945
0.6206383850164924,0.9997019147514703,1.8093980612693785,2.9424705360942176
0.5963832806342572,1.0741524778347729,1.687113164226674,3.296828645953187
0.44939849742664684,1.1277478797339313,1.8565161927657892,2.8316912835110353
0.5109111905241259,0.8615674288643115,1.7699826906902636,3.599260665273208
0.5918034809553326,0.9128686108042184,1.6509945800565344,3.2384897184520622
0.5870407065137273,1.1103755859338673,1.6932495596662467,3.2843131388831597
0.5104406247237329,1.1473491653017065,2.1479478380767625,3.2305860225896126
0.4711604455423365,1.0592639857198727,2.2176183918742027,2.822321081876716
0.6557556054026504,1.3081749074577547,1.6835735607915208,3.1231087563970807
0.6003456537831852,0.9739224793249946,2.047618302097094,2.914709419701034
0.5866861148293047,1.1757114919930123,1.8376450217741587,2.9511265173927352
0.4931080987256555,1.02623368173742,1.9335968552366487,3.0862749455824527
0.6450353285934687,1.3747113882419162,1.9605487903882117,2.6918383994767807
0.513743072381273,0.9443669025049866,1.9923538098011582,2.853694762212399
0.4327855557018402,0.9901449048690587,1.8769362512181844,3.1437059307327306
0.39362808150172457,1.1909318346686308,2.0481983101164825,2.990403632479878
0.5848285504124014,1.1448311157419053,1.892140419232328,3.075850094620008
0.5442536655709801,1.0661501720803903,2.0848128122280896,3.195364677214733
0.668512052566682,1.3420328019252263,1.7825700944869949,3.0428111851393154
0.5089631744083268,1.0153023562575152,2.0871998187350083,3.2021394095591913
0.635403572752364,1.1655976270460524,1.9750830223955196,2.5437051817981127
0.6351251239272644,1.3247752273154885,1.6667222930178203,3.102450421325048
0.7001192165534467,1.0614436578837245,1.7904545542262185,2.843451657275347
0.6202331797306109,0.8771393914652587,1.8049893227094953,3.2855119056622484
0.5032098866289333,1.090707058990065,1.9758015728860663,3.003099512593788
0.5202195313757525,1.2277458302838522,1.49750648963348,2.8977437398388943
0.5024027995008038,1.1422981913644739,1.957906223520675,3.3120373727730517
0.47365381289157926,1.2428274081703221,1.8075193122721414,2.837903697672637
0.5743573410648415,0.9204699344124767,1.8182015790252568,2.7394385814128857
0.46860684916247397,1.001486371864642,1.7034623161634843,3.2212858999850535
0.6344952199090486,1.0731107190816171,1.843105484142493,3.347744185378792
0.5408215670678539,1.146368465254119,1.8075358398820411,3.301507545677633
0.43786234310338973,1.2863327837267367,1.8120841776041678,3.0250515392599953
0.4638922459828395,1.3517555107931283,1.8550116695644137,3.2335923838569554
0.700119216553446,1.206514666660783,1.8327353701879976,2.5161126617537524
0.5337529005471995,1.136244883575138,1.7319643963653588,2.9923589022761763
0.6344518156573589,1.1255985284411152,2.0913967311727606,3.072434539760976
0.583200083005431,1.0925400065690765,1.8169943085658675,3.2357839386693152
0.4467862924111846,1.1431164120258084,1.9212602261697227,3.022100361381488
0.6088042674427843,1.0933738104253286,2.05325728697107,2.8728095348786464
0.5043381460892994,1.1409833625936985,1.983545401487291,2.851045309357768
0.5776674881699824,0.9577940856161615,2.0076501373999185,3.1413304835479807
0.5812818957909226,0.8581944562544923,1.4988878645525685,3.3436705313205883
0.5933751996503225,1.0059647025839982,1.8809943478458409,2.715423708086635
0.6269546891671967,1.269568268992855,2.212033292147612,3.2128485128750444
0.5118749054279563,1.063882554401704,1.84558643878659,3.355758706970483
0.4909568097517961,1.018567682492049,1.7775340659880112,2.9677873132206787
0.625944592683738,1.117911391772477,1.8696976493424204,3.0490508231396745
0.6120971711585336,1.2668957725244616,1.8377777562862738,3.3164432729896625
0.7249434421822796,0.8726354411325006,1.8096122305308189,2.50856180824877
0.4753194511534985,1.0716054739615073,1.8628702863689626,2.6382976069657573
0.5703770376190783,1.0342795841249677,1.7318515024288088,3.150898657131263
0.5948167247543649,0.979447530246588,2.0786683598930873,3.2250317446716705
0.6039496224578711,1.0892536157638044,1.9483629240239275,2.9181615047323874
0.5546176239634214,0.9923876279576954,1.8199444176854191,2.943461216036381
0.5429605194112647,0.9969230380533443,1.5482621526724125,2.9373383792695393
0.4876257534320785,1.2444856293384001,1.8395693761227558,3.1301293480567387
0.5191145995849459,0.9996170093440878,1.8027413778242665,3.0893610500685798
0.529333783507321,1.064178439499122,1.8385994015270293,3.3313865825854374
0.5484521450207085,1.103361952185739,1.5965662811452515,2.8383610750453685
0.44175935144997364,1.2285422466569538,1.6151701407904673,3.0108450134527485
0.4906687013185344,1.1268624951195858,1.7802720289716225,2.595095484564664
0.5737111197584459,0.9500889779874597,1.918122998134303,3.4004425051227964
0.42401028318188555,1.0986148638369804,2.016736714981794,3.0284982879497777
0.483927534657743,1.2635380329571158,1.8700267751773414,3.3588530412127318
0.48520245196081885,1.1083335546294781,1.8971673150042083,3.4081422185657324
0.5403293654868321,1.1361058816027185,1.8252003900250928,2.848406127441575
0.5207226903886675,1.0641194115432036,1.8603721241447801,3.042211194411898
0.49207408793316343,0.9727234429193035,1.7934637584515996,3.085278073641152
0.6206383850164925,1.0423472416055433,1.9383800954964558,3.1787371361066903
0.5308950629610453,1.1079199410564076,1.8936765566400906,3.230815617918648
0.5987689431685138,1.1893471249573082,1.8846816695525739,3.198278437948865
0.5772730434477931,1.2442049711423786,1.8594304029280457,2.891329447229702
0.46341793495390665,0.8382821772263306,1.8246608937544484,3.023569416783409
0.5468202291504222,1.074059072891734,1.9508546325532041,3.179071879243243
0.6088992196129316,1.123526348075649,1.8634779484025346,2.9664047374257123
0.6334719709878741,1.2810890464234568,1.9331586703870114,3.6544466267905467
0.6265601787001611,0.9811030310911821,1.8542212308176622,3.1976863426601345
0.5912447502182077,0.9243279367519667,2.0147419371873894,3.0192530940677273
0.5107408319491209,1.1399536470790945,1.9272179235407723,2.732170166566568
0.6607003596835566,0.891390950577237,1.7103921409045826,3.3133577146590976
0.5685816824499224,1.049328515211358,1.8138185054276872,2.9040163555429213
0.5932204058845448,1.2533230849937391,1.911166936308873,2.8071860889800684
0.5767602343983326,1.2395680736594041,1.882302565261347,3.1063721272358378
0.6234452082509001,1.1921726864362483,1.8498948372166604,2.873479064990417
0.5678522961221506,1.183056964916606,1.9573232516329004,3.0862525974932353
0.46542529744209193,0.9854615851019444,1.9168358311677471,3.5605981498835004
0.5815957643205244,1.044827296648705,1.9580864298621248,3.1052412111192558
0.5040796434455446,1.2326478034465311,1.936153320409989,3.225591649429491
0.5800200659705008,1.112722043261416,1.8613932102333968,2.89025543740266
0.4816357228756077,1.0087980389953575,1.9306598735960625,2.8331719020087647
0.441176353897993,0.8585501517811372,1.9101705166189096,3.102555232162988
0.49079366405269303,1.145011773853746,1.7034315221148744,3.261830638280563
0.5969022320054262,1.1803890161134907,2.018245458110614,3.0987110096287633
0.5405335998946391,1.0773584854861367,1.9227926807871314,2.7550666386580303
0.4702094612019488,0.931313256790913,1.9008958131162075,2.96256039738441
0.46761659664277394,1.012728106506488,1.9287109959709043,2.8964705244239686
0.5276644792528942,1.0772290598376386,1.6586642432356413,3.001370097502145
0.7006367627581727,0.9917668121499267,2.08838741401869,3.1994606101374394
0.4894390268648304,0.9407399537351439,1.907207910354656,2.507555434045277
0.5561575601743863,1.0066519469086794,1.9763068637016945,3.257429112569985
0.6185091630032049,1.1361244661448746,1.6211150964776344,2.93940431571971
0.5937627600717662,1.1857354011856198,1.646796137666073,2.5858431692269064
0.5818978386643212,0.9434938839323265,1.846153537200045,3.70435529004956
0.5603060773292391,1.2625125846145666,2.018419843957836,3.4084396419359417
0.46272954834878627,1.1011294874410533,2.0041766916595463,2.195295316691202
0.5586379310044826,1.0501942535983753,1.8479554584782256,2.641391278570639
0.5607450108079903,1.0610253017784317,1.8770476313631437,3.2738644501684355
0.5704902136283861,1.1654355511948113,1.716420721494618,3.168147198242608
0.502418957991439,1.199053856743198,1.8271906693024313,2.9338912795601964
0.5488695693949449,1.1575633139190606,1.9928461057772076,3.166757713109088
0.5635427450225454,1.1481831949181218,1.6758050058477494,3.3216497186488065
0.5021044835894858,1.1439220567703507,1.7328427919564109,3.044122093117591
0.633885583483793,1.0545389959259472,2.2393254352829186,3.176914856602001
0.5787444895803022,1.0553263545108154,1.8024907692585228,3.3840356803624188
0.44998966241996263,1.0908052151176795,2.0254943848322298,3.080101900560077
0.5658702984055947,1.0899245414310406,1.9315787242834537,3.2000667958879503
0.44858215666162193,1.2521355406506929,1.7682170623128408,2.701167681810857
0.5561575601743864,1.147714013285577,1.755118348377636,2.709873761834574
0.5710057343947725,1.1677679068496225,1.7995871452853018,3.2740248794198257
0.5546883938444206,1.0670271862585519,1.7402615877982273,3.0541975024911765
0.6800674658884301,0.9840740032511939,1.9747953865207823,3.090744293863078
0.5988176333421731,1.0298029340420383,2.043838834528031,3.249005525696417
0.4971849910356943,1.0374027295334465,1.980449459419697,3.40852359893746
0.5776860456828657,0.979174313068839,1.837039409417642,2.9893947928468085
0.5594733262700462,1.1184723076719898,2.1478753889732443,3.0631142348538702
0.602385464323272,1.1661279468001573,2.1296166864093076,3.3953265857497548
0.4686816232783299,1.1713401863727206,1.915845487051607,3.1752725241150555
0.38913016526722977,1.1169161180303544,1.9133322983456946,3.283668018397815
0.5411555109375071,1.247702004620038,1.9923019996386908,2.6362617621140463
0.5732232241672177,1.0023079513431303,2.1852739333663944,3.3613008092556185
0.6136252598321741,1.130359638812951,1.7615853255707357,3.037288723043383
0.5251647671126125,1.070437881612986,1.8145936976974462,2.776928462378436
0.5526768342702681,1.1614021204272025,1.8925565990651856,2.7369822054643476
0.5680597027650645,0.9066478231359351,1.787500099207481,3.0487087314000134
0.6027016350664629,1.0270603355953742,1.8889383945474778,3.378709156545097
0.5836859963693631,1.0405893246025328,1.720869000314608,2.814532827093591
0.5339326774607261,1.1989504835773832,2.0595437561535426,3.5214346381014714
0.4778334369258686,0.9831344129678775,1.7752829577265499,2.788278164971604
0.47311153135107503,0.9857397432804453,1.9323106083400363,3.26565454391905
0.5417232984369436,1.0024494039250293,1.9100687166447676,3.3706322926204337
0.5589387589125893,0.9865688247483467,1.9364001988724833,2.8476391152422265
0.4398494356434731,0.9794759070181841,1.6888571034126718,3.164636979274838
0.5043954797794484,1.2571973442388724,1.9241577731703645,3.000290836224224
0.5783864398228105,0.8265003810927437,1.9870469562349777,3.410513918390574
0.5236569800461095,1.124179376975845,1.6133649959306047,3.398539555876612
0.5772177427097206,1.196820503875237,1.9042975496179178,2.838973015127649
0.48012499789624596,0.9101975056634097,2.137542474642316,2.9787084573836604
0.5973215132434796,0.9805191570666336,1.980669651113799,2.844185273778845
0.6299408724054283,1.2018939877724966,1.877087108764883,2.844947509528822
0.6243228086061835,1.0226688914383328,1.8242674328638289,3.0643187799042453
0.4918275217321465,1.097111355350551,1.8214933343508388,3.0629534326961143
0.6472404880284556,1.180070115247841,2.0335251306164976,3.1506217602046216
0.39328648467715016,0.9780310014396068,2.0387666959927864,2.5686133394691737
0.4804162364307864,1.2039185311029947,1.5624997828932494,3.332810575781673
0.5907077284996282,1.0356768975441775,1.6424569865623817,3.005699864850689
0.577367561469819,1.0851033361279576,2.000307976657729,3.0420174542978793
0.4842501673432336,1.153995475042139,1.9687184648327638,3.107758684633449
0.5484582232923786,0.9816786226076366,2.0126262811147924,3.1262162754630176
0.6189102392234388,1.044693209896911,1.9283212633315723,2.91918325260357
0.5070932267092343,1.0129177733633616,1.8203198196340382,2.910860699830903
0.5000114149440549,1.1431132983187484,1.6276689552930672,3.1235090985999068
0.5677865475094679,1.2077763843026237,2.128477797850366,3.0162403597244567
0.6245775781741906,1.1928733991024398,1.9339511561374967,3.031670001852649
0.453139944314602,1.081298312486214,1.476051464365187,2.9489139684940087
0.6015236668775569,1.0801209795790878,1.9242173024247264,3.126589960513031
0.6909453510668074,1.1350398025718855,1.9480791511029774,2.733853843723271
0.5002149043356559,1.2122778549221436,1.9232458127219214,3.4506508537113687
0.5044568810502837,1.0362265218720499,2.1163518683674183,3.4136266438658143
0.4607873010905303,1.2037459500911085,1.9907749812225009,3.0385323919932183
0.5200450405149545,1.061214771324448,1.8558595305554244,3.4813625777661996
0.5293299199024636,1.1572113932591275,1.9853003452746079,2.2678664829982957
0.521192845847376,1.0723064870440786,1.889774466301044,2.919491672039157
0.7135777100107019,0.8886419717791404,1.8713172463061716,3.188708311731009
0.4628338063751762,1.1091188897981594,1.7845637727936676,3.3576806614140424
0.5416963764638647,1.0735830584462167,1.9563589264795875,2.777693076746198
0.5556196132327981,1.2197011645594131,1.590078617375057,3.232996107802314
0.4859386851228996,1.0224440071515608,1.6575630701529196,2.9649921722838717
0.46781078319693437,1.0268309727952216,1.7900465950005928,2.7209653242142573
0.5955308719210597,1.008656931368538,1.8067676447412548,3.3357538802083364
0.6141257044001842,1.0350473965699016,1.6950280193640443,3.080046774505854
0.5206698151025411,1.0737522221287767,1.640704774000283,3.100524144258584
0.5119694402264743,1.3957097008993928,2.0118114126517,2.8181342194085857
0.49485891309519714,1.0735470637771982,1.70389762733703,3.453952014663735
0.4890124381335336,1.0039601177114237,1.869341219642462,3.2286793188740224
0.6473586747112322,0.9705571585302302,2.0854960240721785,2.981026964328899
0.4464647422570754,1.046164122497083,1.810658909123813,2.4828474331513912
0.46243730022805307,1.004631527941271,1.818405129395006,2.838882603401649
0.5777734624471271,1.0813402354396793,1.7943947046090027,2.8721650135417223
0.47817420906403085,1.1577949877035296,1.757169279340622,2.581108555849717
0.5112418325428956,0.9389756857136203,1.7118723521639971,3.5530637353381596
0.5547296539123974,1.1333060112779638,1.622301057170813,2.817798326939351
0.6213856224858229,1.0958072091105415,1.8948714239537776,2.5723588245734903
0.42753184815615203,1.3086878784865739,1.8802880444134702,3.096644303062024
0.5534945595823263,1.0385130394742337,2.041308336631812,2.9617804593333585
0.6515741684426498,1.1941590710853962,1.9699963053256981,2.956823563809971
0.5344549937088832,1.124623049568154,1.8718727363791332,3.3526153063522424
0.5260695828734491,1.2221844275482605,1.876905878593512,2.767497723354052
0.4894393065664897,1.0629724779611058,1.967246749213219,3.150668743388339
0.5866861148293047,0.967983321613074,1.924450790417697,3.2804852324640392
0.5872542919153027,1.0735063055466387,2.032085432337296,3.0072232666251013
0.4679493099226143,1.131794950700319,1.8837924237515706,2.798056853773993
0.4369365598741836,1.03562506640623,1.669693740607293,2.839796139047662
0.5618939936863763,1.1358293734854166,2.0023381992239617,3.0365775813128746
0.5872542919153024,1.0657782862628296,1.7846628927719108,3.06763377791037
0.5772643712014238,1.1033604617898447,2.040221061487287,3.0061530560127827
0.628219392955758,1.0255335491958375,1.7123721113634895,3.286079348734334
0.5993853257031262,1.109517045059543,1.7113453752507566,3.0955318254034627
0.6010584499105259,1.0264648556044915,1.8529049242581201,3.015747308223827
0.4453044423291722,1.2403165362137847,1.7565818530747066,3.364685088165063
0.5128338538382147,1.0992112144332291,1.7178311868708875,3.1331741736271512
0.5271300513521364,1.1436705771487161,2.062101378079742,3.2024525968292172
0.6345061867597744,1.1059829990001244,1.8593529914686349,3.334838029025687
0.6229543477112026,1.1887361961250666,1.7783336118891588,3.12625038859553
0.6643724526868712,1.2046142569062155,1.8834600538418098,3.096470653924732
0.5806559777273809,1.1171553063295272,1.9563965576488425,3.187678271871645
0.5619005344729412,1.1219621576095131,1.7044105655014792,3.0295182724345517
0.5117100728547355,1.0982571802291068,1.6887841720906434,3.060229587800343
0.5279057755573716,1.1385164395151908,1.6657105637984333,2.87086239977884
0.6013192274884427,1.0510002352834826,1.7833298828434492,3.025262853313744
0.5351912129137957,1.2227942376260559,1.8814166491017836,3.0576262204540936
0.5164768701187045,1.0223720740293076,1.8970058448383968,3.153234478048881
0.5040796434455443,1.147937376406358,2.0593502071723195,3.130642134454817
0.5283710108886976,0.8040546823256411,1.940223600997707,2.995950625057215
0.5089631744083267,1.1230909513790743,1.8808720272967432,3.0650907947988952
0.4560419295929701,1.0636051656088477,1.7636341131979403,3.29020868397643
0.5009649648195882,1.1698303772782397,1.711594897063926,2.8843802579648377
0.527607992795553,1.0258248041797484,1.7698822264591838,3.14215124794017
0.5855201025185814,1.055505923421754,1.8821219164876017,3.048509316760419
0.4609261024831725,1.3657585162527461,1.7574756236328217,2.924495913004287
0.48664076453977334,1.0150640589086708,1.730703188215297,3.056576550042147
0.5468416442284266,1.1384198056565147,1.5260654470040056,3.3562188721424584
0.6557556054026503,0.9940847021577863,1.943277866335474,3.1240810493569353
0.5541215214301688,1.11966222190113,1.900637291629852,2.9452415038261455
0.6493218274968778,1.1050729501357215,1.8722609609549836,2.6841083491458964
0.5570527798505777,1.1977513042171613,1.9265860930550283,3.0263035575831005
0.5628978860438867,1.0983760280223573,2.2072782679955134,2.75926684908935
0.6351251239272651,1.0570518813802001,1.686055510511764,3.24587166538422
0.6034032279349542,1.0948363382639672,1.8542989388435323,3.2260501144938356
0.47531945115349844,1.1479405604499988,1.9421455694465908,2.8729703164651883
0.5228928100401471,1.0357179812956292,1.5707940476193747,3.0376184444096537
0.6134303127197686,1.1037288946333725,1.6582600341627676,3.0102394210532784
0.5679498384643352,1.0851389516044565,1.9337498490235376,3.04301557219814
0.43421094354644557,1.0122104883716332,1.7322875426583235,2.5595762352773046
0.6294264058686798,0.9554450289156863,1.6888630381166132,3.133338961516601
0.4432407736573922,1.2252050199239648,1.617897563431934,3.280694057214515
0.5147843249508924,1.0509853839982166,1.850395990393184,3.1400201432174533
0.535211419034973,1.1567717493717102,2.087739880912778,3.0052031491813262
0.6012102011034364,1.2902549922359916,2.019472897280998,3.162337280265245
0.4104495228145955,1.1483770315574393,1.7211397061005358,3.1132020292716285
0.4399752311645434,1.1966860619361157,1.8522024551023377,3.246477391239606
0.4803758828129606,1.2852125145342785,1.7126935926517284,3.2656172045844754
0.5986264010315987,1.1728121715482813,1.3307330718661712,2.703304818413474
0.650851769090873,1.2317383822613261,1.8782821928284736,2.481472112682441
0.5639937307048573,1.2266385016188945,2.015085523039832,3.2565508268193377
0.5029375976295666,1.1416263025535642,1.6532883368444589,3.5188055352951864
0.6256307857511487,0.9607560692566237,1.744571533488889,3.3932799740702544
0.4888010360690358,1.1152566003110518,1.939966281522951,2.9693403958326146
0.5930832973774978,1.1118710397246112,2.1118011637188556,2.960643310844561
0.5239915525743963,0.9742163468665367,1.7280518626134922,2.9490088630232236
0.6342761094417286,1.1310955748331513,1.7950374240048406,3.103128839219229
0.6327240050343117,1.15676758983505,2.0488300777406074,2.7974005818816936
0.4582160519834392,1.0706895558073264,1.677040851644178,2.6633085248607595
0.4241785742448009,1.152368804737482,2.086658770238584,3.0860768234180984
0.4938773908089422,1.1996805000895643,1.888368949155948,3.122824918820359
0.6315376624393491,1.0341663235357696,1.757317147923785,2.8749335790244874
0.5811258022781621,1.1034866223280253,1.7130647566129322,3.015105861704508
0.5715407670768164,1.2078304688612125,1.9314056984551327,3.3762587764640144
0.553934490331376,0.9834076998068623,1.6848233551695366,2.9856866112160634
0.6042388871821582,1.1087642926675045,1.9145279683499012,3.1601488669025595
0.5783748241324619,1.155655377589751,2.0527408781204395,3.1486369906036527
0.49229984631323215,0.9419411816888452,1.8794147246004937,3.0156059167191325
0.453752628154737,1.1545796290164565,1.8346181814216513,3.1932673273289685
0.5150582461764714,1.1794944002154752,1.8864004086090862,2.4313111348138223
0.618212026127041,1.2825485496586528,1.996177342978346,3.0984871542749532
0.6058860510154761,0.9880113314845137,1.7228489855961633,3.112948828054285
0.6330757485034941,1.1486998494887446,1.6916132526252836,3.008452809876251
0.5074094563746517,1.0813981127756238,1.6737946016867642,2.836098381084463
0.40330227704722316,1.1274331893451364,2.0602684627447148,2.74403674470471
0.6964003767260771,0.9970949948104807,1.9650082103902327,3.0458912631404815
0.6115205427878024,1.1930957417283503,1.7530222004657177,3.0301223940409154
0.5543602885434049,0.9751774260456026,1.9752016105766155,2.9190809659355708
0.6099489241334004,1.2073545593343717,1.6786952883084323,3.1368715585089326
0.4625655292260449,1.147075645166267,1.8122224711855899,3.2892475905920056
0.6158660882128922,1.109517451635965,2.012649161062625,2.816689226616256
0.6415582137006229,1.2958871412544912,1.7733740748863216,3.0265127425302967
0.5772730434477928,1.1460592709361181,1.839565929033102,2.97622156173193
0.5220559260864731,1.1500541183143762,1.858006324354502,2.927847868858583
0.5631683436524925,1.1439751491769854,1.7833616625070023,3.340592607945736
0.5551248519732821,1.080559775179757,2.102903086836257,3.009295149965797
0.5863318393748465,1.0434424260404185,1.9944104928143698,3.0787760559164172
0.4486099729982475,1.027668137726506,1.6477839418206708,2.9458203586520457
0.5546883938444207,1.0241288239998612,1.6582978350611326,2.788011210172846
0.521808968716841,1.204417279493529,2.0061885170599916,3.244191129742076
0.43392313680702177,1.0512489990665528,1.88484989481973,3.3014526902422445
0.5907077284996282,0.9813136028606195,1.8365347025229277,3.7081392324599687
0.5417096633129266,1.0271424297466876,1.769952802945202,3.3833940680474313
0.5829575641714674,1.0464802961673954,1.8303382352816147,3.259649009797712
0.6982062171222033,0.8921670176187755,2.1140520122182287,2.986845758648523
0.5519982869192047,0.9889663339125375,1.7774932333550506,3.1984099318325816
0.5605786827755574,1.2580018136242674,2.0008289988123376,3.422783920204813
0.4957154074564162,1.23503721138375,1.7095404475371931,3.547227337879993
0.5101585033833917,1.2222017281583013,1.9787094630279918,3.1961546702566532
0.5564870151283252,1.0124872531842302,1.669554058272145,3.3078232820589335
0.5818384702337216,1.1107178006969658,1.9044599705393181,3.0794629204031994
0.5610485718869054,1.0616088381472715,1.9039992408638584,2.811984483426188
0.690671241109273,1.0848673262684834,1.78084104018709,3.239915853506183
0.4783598738265969,1.031119838020727,2.0079565239809782,2.9892999558932978
0.48070489135707617,1.0153722502343967,1.8043189015870047,3.218639511925578
0.5574428539954176,1.1726925304182498,1.5235171605970368,3.343382461524194
0.4885305606832124,1.0274671393765735,2.0200791332909898,2.902680141051716
0.6224132531317884,1.2239101950887263,1.7440493108819015,3.2007637497003065
0.5757332894193309,1.098906961706642,2.1341688613417205,2.7792677281654856
0.5475400280612411,1.291924684276144,1.8998171050385608,3.2267017899854524
0.6303149692872682,1.0335488503989723,1.822799045975574,3.1024089755173456
0.56945281362792,1.059898722316965,1.9597007250645349,3.1813991036164517
0.4635449371505422,1.1270242456445643,1.8735494062134126,3.043856547202457
0.4980611758455789,1.0714381214706712,1.8892926066919478,3.3211523389319373
0.4253078296902208,1.099803398200758,1.7413566583687394,3.125133971627334
0.6400171438208392,1.0796005577366072,1.7945688184225115,3.052641627486972
0.7064438848203478,1.0806560381824601,1.8293181545195867,3.0977738977211664
0.495522754568445,1.0853041824637915,1.6662070459053833,3.1808275796896455
0.646423854879513,1.0539695883772848,1.7091745194188288,3.1151911442825733
0.5207568235099878,1.2112475666881857,2.094851219680806,2.80952585514223
0.5196721288850256,1.2501015255285979,1.83336127444777,3.0468806290105412
0.5050124198583615,1.1890675626142315,1.9045628739122802,3.313944094235645
0.562729556139022,1.3501264194931542,1.7305814209282904,3.313388366929355
0.5094618154079036,1.1391380057235188,1.820646706188204,2.9848670649584146
0.5741261180292534,1.0165116153593372,2.070607660470659,2.7648690197655936
0.5618939936863765,0.9764826795975313,1.756634732934314,3.102499663496937
0.567670292534668,0.9349812197655745,2.0371592371581992,2.7644905043251526
0.6400049355023698,0.9583406084699678,2.0026290926119525,2.6653393410378547
0.5746312772572193,1.1492628116569685,1.5352273946558026,3.2381561433864916
0.600044990717854,1.0919363636692836,1.88211409965009,2.939341338200114
0.4441739595420202,1.1120069508613888,1.7661542391271337,3.110424161509565
0.5335017120813563,0.8983947666530029,1.6514060540945363,2.61251762631915
0.5386370887589657,0.9681641286751496,1.771370446908201,2.8397827793750503
0.5250540254003401,0.9206615291721185,1.8066111831141614,2.909270849913419
0.5942468212788531,1.1215601727867834,2.0790786243739374,3.1279866488780814
0.6053714303836835,1.2208462393350703,1.9264930476793583,3.2812797287793263
0.6631160843626765,1.0886964641518424,1.8593933689191342,2.9199839778327163
0.6344518156573589,1.188014494493983,2.20411808223976,2.910274059111533
0.6391267152614829,1.0516209642500547,1.584193354857175,3.5245022753372792
0.6440151610896482,0.9473718580544733,1.8290249615878156,3.1558579658987806
0.5006874607234991,0.9447403815510206,2.1306628435345094,3.2080417730044384
0.6185091630032044,0.9813707236047348,1.455680678745661,3.1824990943372486
0.55695284704406,0.7943415043843592,2.095748508483871,2.7701183131957454
0.6832546774084962,1.0206854205938147,1.861309556317197,3.071064377214488
0.5624174302466172,0.9633152462527916,2.1088741989126984,2.7967494670236865
0.39092893697066955,1.0132357483678418,2.0495773945722777,2.665194425628058
0.5769914155889821,0.9746132508490051,1.821858308118733,3.1451941865579887
0.5611164384183723,1.0448488501671493,1.8813094430509039,3.2530171628491167
0.6026623597812827,1.0429682711339323,1.7591328923706777,3.105049312349238
0.48155537650330826,1.1022100998899134,1.7954667174528312,2.805399357562867
0.43971734613870483,1.0116564146057418,1.9251438056732106,3.0452430123427088
0.5419773793906988,1.1149076214672902,1.934275184007263,2.758562249542352
0.560843124212223,1.172904584507035,1.6932888348737092,3.1208986244119887
0.46268097325395574,1.189544226875008,1.78047060183602,3.255042238647245
0.4845701961485565,1.1257635564272124,1.8418490751513474,2.0554762037751315
0.5386068805445948,1.2262736918616772,1.871390874196422,3.2105168220639397
0.5584235521843194,1.1993406803715472,1.7458003498986152,2.9349761951517377
0.4840471007200394,1.0254949157634652,1.8978241631609372,3.219226640041562
0.6485404967245896,0.9990656112980906,2.2461029581738217,2.9578980928502334
0.4633062358366738,1.1674141603755233,1.5957669051881747,2.621404790633535
0.6210363363599055,0.964373496468174,1.5748065843021315,3.1616456211145785
0.44651998663935144,1.0952486979225542,1.6207647765587,3.194878813487444
0.4783598738265971,1.0514882514367514,1.9217412532238896,3.4010203992502124
0.7761601087146571,1.0378421551123562,1.8890160791172246,3.2348987512953054
0.5727875435228426,1.0368293004080082,2.0675612975969337,3.427104371813466
0.5249197206381038,1.1690078324077553,1.8081678025614292,2.9267048028812117
0.5591389480396848,1.0616007670422802,2.1016112180160342,3.1155546033966535
0.5479199781766262,1.1209362198532369,2.0759608198090476,3.066724290578697
0.44324077365739206,0.974401556644663,1.6048017425851313,3.2382497384872484
0.5839753437257071,1.063780319294533,1.7644500248824726,2.8241503611852545
0.4376708211325477,1.0925839306210847,1.613391700063934,3.296231548252105
0.5352727542880059,0.9418196912645445,1.8203563377881196,2.886789386471783
0.4725988832364649,1.1530572740566085,1.7913274618533361,2.880151603233872
0.5552894374317033,0.9403586618080776,2.0108643114795615,3.2505829096474432
0.590742461096383,1.129364262735315,1.684545165873265,3.4959081783711956
0.5912447502182077,0.9230261148986632,1.7719161351169381,2.260583594190773
0.5350935641158414,1.057532157769235,2.091854504150632,3.317121878008405
0.46660265102142723,0.9593635348510542,1.8878392456827435,2.768122711421004
0.6335298174532723,1.0173065345153265,1.525639561213818,3.2210254500406736
0.46318407682674334,0.8081818578359082,2.299061036887649,2.6964356580584377
0.45773955079779205,0.9713165917830664,2.090861133403704,2.7359060710660232
0.5631464788261202,0.978040829191205,2.0434257882966333,3.25029600136531
0.6154871769110359,1.2855839502441124,1.7741838649508612,3.0059426910610223
0.604620815725091,0.9955669093712469,1.696554540337267,2.597007410940816
0.6389577950274506,1.103089737866545,1.9874811417784823,3.067381389529865
0.6476500957106963,1.039953274339976,1.837826546459576,3.1440074923969807
0.3840938128238417,0.8831944506892182,2.1132921710976356,3.0792684474853917
0.5252321133519677,1.0520348691187345,1.7324452614361756,3.083318003648547
0.5400463996819245,0.8859869174557901,1.8923849810449465,2.79670263137873
0.5462452022111599,1.1833540496037307,1.9836820844205274,3.021790993245667
0.5553254694161408,1.2061533184846633,2.0846751449722833,3.2859682859801604
0.6410304827015942,1.0578629882817705,1.6142240466723234,2.72767724734829
0.5991281829281925,1.2270486900527484,1.8280032358555716,2.852750641426517
0.5956502968948849,1.2476039713042497,1.6943692795098115,3.0354446555819283
0.5080696496110907,1.1549821858373237,1.886791441183724,2.3440531643235936
0.4585011402302735,1.3013675568468703,1.936766804641648,2.7280268223157327
0.7090926943202561,0.9880647120112541,1.8994276633210323,3.486904200680277
0.49061419705116466,1.1231954855732935,1.826482600548326,3.496011382909991
0.5314060881855194,0.8900409986485524,1.577840552777834,2.653718475617571
0.6123955827050461,0.9354013627058152,1.9936363121476208,2.821022652450543
0.5350935641158412,1.1202196126608441,2.1762410504072935,3.251460148874133
0.41512461824685254,1.1212204965662353,1.7598433081461415,2.971596907991687
0.4740483365088814,1.2903480790463466,1.8511224890416553,3.240268900919592
0.5635427450225452,1.2270449743776444,1.7750535513502579,3.1909902792934997
0.5860786630975701,1.1591042155933298,1.7366228672163568,3.179906294167418
0.4435690257549235,1.014317595120693,1.8263956527095655,3.2548681476493586
0.5095776082099236,1.0755960034403704,1.826653266506578,3.019548963293087
0.6082845542605448,0.9674989623407964,1.7379782835887023,3.376723598040068
0.5088937932889961,1.1554838508464875,1.6035591626433598,3.4688383939210614
0.4237614627089176,1.0438297160528662,2.0958506686189664,3.407939311765509
0.571357742830403,1.2639071151742547,1.6659562590630774,3.1264162115438463
0.5382085004825182,1.1694372480926478,1.8993885293162052,3.023743501353246
0.5701169562822298,1.058708829868378,2.092620365147643,2.7263449461913867
0.5003464280756962,1.1163990697754085,2.046017999180061,2.8258795098886176
0.5099074632264411,1.1601285684038931,1.8037994109522593,2.9649767097157076
0.6186246200554081,0.9441382477479671,1.6679032155053977,2.7357273415088095
0.3830185854871014,0.9143608275693452,2.044919445753664,2.684801849140706
0.6641952891744979,1.0813793640349967,1.3788842452315904,3.031341471727796
0.4998996164715031,1.0571624081807176,1.7635370584205088,3.0785317886990486
0.6226831294716546,1.1101678861574094,1.9659757504054127,2.8437906087296025
0.6079361159071971,1.0433589991320202,1.971883098945712,2.553797416030143
0.6449151732127021,1.216525685431804,1.7215435180004341,2.6849741146008985
0.4107927686139,1.0006575379559524,1.686151473331869,2.809727115322636
0.5399575124242282,1.0960116064620307,2.0901986085063196,2.8591890709826324
0.4495817521287315,1.161344079656065,1.7578670633474596,3.196016674190893
0.46062900655473893,0.9958049178151888,1.7745785132076866,3.016189434449763
0.5435420074286819,1.133656894136841,1.9163692303232724,3.33857849125528
0.6482963069176242,1.0200366171640756,1.9618763920006939,3.1626409403247884
0.45283890650152747,1.1600995764338173,1.7637182806711782,3.06867199605793
0.5948971398334519,0.9247661515597412,2.043412100692287,3.209234136303044
0.6516137445809977,1.116843690794869,1.7293514684702764,3.1521319433599713
0.5677003853933844,1.0166139326906918,1.6843886919446016,2.7428854983816784
0.4985384219714482,1.0739772262660499,1.8623930981563017,2.9757028251453432
0.503423570637618,1.1672201092273453,1.7197106527303947,3.2117428330733127
0.5387477797836715,0.9561454024207012,2.137806924374138,2.4303841497233383
0.47862997217420317,1.2059676433422342,1.6983960615537208,2.548059709600892
0.6342613851018768,1.0784128222781106,1.8481388633271658,2.1243270596856894
0.47213603132999693,0.9870390825898823,1.7654785155208519,3.078549921247208
0.554003413421772,1.004428053689544,1.9425940366619385,2.6237057900447023
0.5166814953079769,1.2284565680039998,2.1980715097671166,3.0800892652999523
0.42533442800647303,1.0122708365655875,1.910784401542031,2.9125879128275107
0.516410125585314,1.05261515255984,2.0702851301031706,2.7548895799903823
0.5497602082461074,1.1327736574362566,1.9794286171435445,2.980020316528802
0.4798311735198373,1.0121680542945797,2.058229986043506,2.8641303665877142
0.6490805225798503,1.0964335752327246,1.80519919612647,3.1352156405849185
0.4759464007130212,0.9626972266160467,1.8410021868996678,3.0786818149490505
0.5812015603476889,0.9717556887918746,1.8328141202707215,3.241774809313543
0.6109341205730252,1.153973298032564,2.2085399697830996,3.1836704491261036
0.5243705618831795,0.8913381678150322,2.1165319300558245,2.7179985513476694
0.5837709904068502,1.1430260477911165,1.7206095979199025,3.061927125133127
0.5661815771968713,1.0305417055671873,1.867208372914291,3.4816615480412585
0.6070661290808426,1.1079923550422368,1.8860540805502681,2.923305209458031
0.5281952293718638,1.1561480926967045,1.8301267600921596,3.3265522660186653
0.482109488552949,0.9664660055875136,1.897572813263599,2.986298195194489
0.674372676325666,1.3246349580443104,1.805757353343811,3.0048554899557955
0.455238472131252,1.0738194982603333,1.682769360260241,3.115501115664856
0.5945324335621225,1.095339929967784,1.692210546838628,3.2833031130997705
0.5211021043816421,1.2167025069486246,1.8176280867721035,3.4833977148029565
0.5565085165544162,1.1314275752395764,1.8105015596246758,2.854764968853652
0.6194506333235417,0.9877071640733213,1.7891340300803593,2.979145516925334
0.5660449218022938,1.1006930490476408,1.7226227353161723,3.0352350173757685
0.661415063641475,1.0460242941485451,1.8726297925325752,3.163815515279279
0.6802050661110941,1.076022706933289,1.5377585256529749,3.1230261155681442
0.589948751390254,1.0408995177303413,1.7750995368313056,2.9292986869427
0.6783661058569528,1.075273565444148,2.0295751282973327,3.134868410041912
0.5711931198483362,1.0177504638313422,2.0519143006874083,2.4940595352686183
0.5041560962224254,0.9795994975165743,1.9246332810769808,3.3382018701214453
0.5723988798267544,1.086150121950919,1.6535305105937257,3.28525577717175
0.5239304638126588,1.060165350225947,2.031480404549,3.189906861342382
0.5637434250474093,1.1126539889822649,1.7828408171421168,3.0438405383716014
0.6113337559803311,1.1705236883272687,1.6202704515266102,2.9605201902658123
0.5590375486305172,1.0878231170775141,1.9659130454175147,3.0236895524912994
0.544119620756872,1.133579725534063,1.3116388539271229,3.2219107401669485
0.5383549610154152,1.0516713950152492,1.9699080918450722,2.8399424730476386
0.516410125585314,1.0058693374300534,1.975512856316815,2.8791207272836474
0.7207727276282557,0.9161631613956136,1.8192015738096954,3.3057990452786568
0.6272540778968464,1.0014565539278666,1.9251790535413766,2.4414094626630565
0.53420132666906,1.0296385352016708,2.0746153616855345,2.8967082450359216
0.6272540778968464,1.1527972039717065,1.7022056973481858,2.95209358383533
0.6258543282568466,1.0536773887264568,1.8583613388368005,3.0833717904906015
0.5118749054279567,1.1631044730419162,2.0878623069687303,3.3398904068229203
0.4182682394989456,1.0638504616954583,1.6247198040974755,3.47137403667256
0.5752872376677188,0.942238095614068,2.0561740962400696,2.9291361875766713
0.47251029051514865,1.0863662823704356,1.8997724888813736,3.3019736725224127
0.5852416505148927,1.143383850488644,1.8767415355985497,3.1280753720417795
0.5326897665407327,0.9525395926774923,2.0776694854039457,2.730276492082864
0.5336546959475098,1.016607110605741,1.6232467837167965,2.8542524003778236
0.4546519855732951,1.1780629680285222,1.651148353100744,3.0444944737451105
0.5257908604946332,1.0656254733470942,1.4718286256166173,2.9261482544143322
0.606464846565837,0.9976221520451711,1.7587046974591964,2.883717939053088
0.6063849555649992,1.1594084257021016,1.7355781664949037,2.7843076737575583
0.4796998985188138,1.010751655793504,1.8514085178030883,3.2795465693139287
0.5089631744083263,1.0643214219377037,1.7706305282004744,2.9442036906546516
0.570708821758383,1.2166253865596648,1.7238140120502237,3.1819523947549277
0.44863609652237524,1.168895975394588,1.9307813621491001,2.9510703781157552
0.5191218668903743,1.146095384508339,1.6723632319315356,3.2697431332540563
0.5389968487785571,0.8084583870586761,1.8878567154344066,2.6748806079857173
0.5473717372037158,1.1134411232471901,1.8256623585496328,3.0908111429970764
0.5534945595823264,1.0102779463793572,1.8728063596481017,3.1741374075405564
0.4245734470970033,0.953066502936118,1.7073884857751611,3.1985739172651395
0.5561688000927556,1.0039639262481095,1.9692181291145365,3.154338178318127
0.5395816930803317,1.1967935206985845,1.9583126848317873,3.1579819290985816
0.555622168646295,1.1181886681829758,1.9130385054979637,2.926684600986772
0.38842911266103713,1.0076471631099144,1.8733071975966686,3.0667834501400444
0.5243836429139588,0.9643307977098337,2.0578767263100803,2.899071354726338
0.565283957741644,1.1740813139720419,1.7102559189260542,3.0806766267745447
0.5473316333538696,1.0446443495730815,2.0824987160179864,3.0364014298991124
0.6196732773121182,1.0138991075083015,1.9658650536962106,3.250800197679712
0.6027016350664628,1.095765947748638,1.8865620074320948,2.875551896749023
0.5515994305303353,1.1899410281968623,2.0212411421974132,3.003956864431514
0.5507570484422732,0.9563830500221125,1.866799664322403,3.2173080011266935
0.5851080144642761,0.9916218905203382,2.0997329789148362,3.1191644265119893
0.5203600685870526,1.2679486554998791,1.975382535713558,3.4079463395196345
0.556451074352504,1.0020907638772294,1.9263986460929832,3.149148609120821
0.56524020528306,1.1040001069443517,1.9010902874237843,2.8013970427064687
0.5112838025751882,0.9997565282088052,1.6827653728817928,3.077907594252026
0.6143060763481196,1.0285410680786629,1.8942379934102573,3.1596548577036527
0.5630031023540714,1.0670156187155502,1.872524546371348,2.805352231484659
0.5882366228515404,0.9826911498001418,1.8753771788403382,2.928407204855481
0.693256296948678,1.0640572572622944,1.7081848496273844,3.166396003352992
0.6646503264739563,0.9610326876774001,1.6711890018419981,2.70262334826094
0.5106713801576349,1.1817900723121892,1.6234923497787284,2.8102787639517466
0.5327238625542581,1.1474249873350977,2.1877403259482797,3.117858010689542
0.5101842035944781,1.0866222516760013,2.1131680765997283,2.864367528238822
0.49846743323262244,1.0668932760649699,2.2195075798636625,2.884120383762085
0.5630887860467564,1.0378068181666216,2.1019630741438475,3.1436107829953897
0.609256615098281,1.12091252704766,1.8996254054764974,3.0525597050109323
0.5218968678479334,1.0867234820921698,1.9607220871041589,2.8027219783200112
0.510740831949121,0.9912572925090442,1.7673073461924775,2.956584674811215
0.5614603284037547,1.2511679786138725,1.3564783192154592,2.677263744962516
0.6863453750392117,1.0783049158537692,2.1555516836523365,2.9437716001326706
0.5244658222572035,1.0709545129281635,2.0558290755632527,2.7141750084089193
0.5254919335034176,0.9903742897343835,1.9889431279997356,3.3127466814644975
0.5118562826746935,0.8940289044383014,1.6633353995522258,2.589515158038786
0.5040944487234219,0.9651649308439127,1.5822026072517605,2.8149883649563936
0.5695151078672661,0.9903156884267711,1.8599638695279634,3.1428768209955216
0.5604030082357644,1.0406445230171586,1.9168294121410492,3.328859844583945
0.511615531468998,1.0795974633915728,1.917909756974961,2.8761483323669976
0.5392842253696865,1.0839850213327513,2.142693960425289,2.965952902474216
0.5263550001940924,1.024354181724564,2.0803265629229744,3.1904312371645225
0.658858107081313,1.0547422427088116,1.9895532237823714,3.494955458297823
0.48883596719099487,1.1758047147120139,2.1198076192230606,3.185008346118904
0.6861989111069421,1.1943191387340295,2.046553974420152,3.2523720382419548
0.5276851301997095,1.193061341563766,1.7188708429521145,2.807890757252665
0.5621639773636917,1.0509700718814101,2.1228815070826985,3.039751960722842
0.6523891442293297,1.1673037453876676,1.9824376864362758,2.9068728502392873
0.5578153211091763,1.1883063152642355,1.9335461132382428,3.136396629497884
0.5509955458339637,1.1253380192389004,1.9945542071410858,3.2556480516928104
0.5354044481936164,1.0009674107670834,2.098008519317016,3.4215628377091405
0.5899475431395936,1.3305847540052103,1.8189484999682883,2.881431647833405
0.5463719026018922,1.0537910827695496,2.1414070773580915,3.366133577777214
0.6802363860211167,1.0037977354478407,1.916925821861803,3.4260274651579024
0.5611164384183717,1.1350195258219384,2.1232624534981652,3.480262589732571
0.46839782169140515,1.0578737899967106,1.863897058613684,3.5176804324211584
0.5109702237723065,0.942911126592296,1.9498982861387903,3.021567023700725
